player_id,round,minutes,total_points,goals_scored,assists,clean_sheets,bonus,value,transfers_balance,was_home
1,1,90,6,0,0,1,0,60,0,1
1,2,90,6,0,0,1,0,60,24756,0
1,3,90,3,0,0,0,0,60,-23780,1
1,4,90,14,0,0,1,3,60,34449,0
1,5,90,1,0,0,0,0,60,212570,0
2,1,0,0,0,0,0,0,50,0,1
2,2,0,0,0,0,0,0,50,-1067,0
2,3,0,0,0,0,0,0,50,-615,1
2,4,0,0,0,0,0,0,49,-576,0
2,5,0,0,0,0,0,0,49,-378,0
3,1,0,0,0,0,0,0,50,0,1
3,2,0,0,0,0,0,0,50,-391,0
3,3,0,0,0,0,0,0,50,-287,1
3,4,0,0,0,0,0,0,49,-200,0
3,5,0,0,0,0,0,0,49,-115,0
4,1,90,5,0,0,1,0,80,0,1
4,2,90,8,0,0,1,0,80,-65343,0
4,3,90,2,0,0,0,0,80,-298759,1
4,4,90,9,0,0,1,2,80,-197767,0
4,5,90,1,0,0,0,0,80,-70779,0
5,1,0,0,0,0,0,0,65,0,1
5,2,0,0,0,0,0,0,65,-2703,0
5,3,0,0,0,0,0,0,65,-1892,1
5,4,45,1,0,0,0,0,65,-772,0
5,5,59,0,0,0,0,0,65,16270,0
6,1,0,0,0,0,0,0,60,0,1
6,2,0,0,0,0,0,0,60,-5970,0
6,3,0,0,0,0,0,0,60,-4380,1
6,4,0,0,0,0,0,0,59,-2516,0
6,5,0,0,0,0,0,0,59,-1605,0
7,1,90,3,0,0,1,0,55,0,1
7,2,70,3,0,0,1,0,55,642,0
7,3,66,2,0,0,0,0,55,-4641,1
7,4,45,1,0,0,0,0,55,-4212,0
7,5,0,0,0,0,0,0,55,-7916,0
8,1,80,9,0,1,1,0,55,0,1
8,2,90,11,0,1,1,2,56,268472,0
8,3,66,2,0,0,0,0,57,396923,1
8,4,90,6,0,0,1,0,58,392809,0
8,5,90,1,0,0,0,0,58,183297,0
9,1,9,1,0,0,0,0,55,0,1
9,2,0,0,0,0,0,0,54,-37136,0
9,3,23,1,0,0,0,0,54,-31216,1
9,4,0,0,0,0,0,0,53,-15451,0
9,5,0,0,0,0,0,0,53,-13089,0
10,1,90,11,0,1,1,2,55,0,1
10,2,90,7,0,0,1,1,55,119886,0
10,3,90,2,0,0,0,0,55,45919,1
10,4,45,1,0,0,0,0,55,6399,0
10,5,0,0,0,0,0,0,55,-218227,0
11,1,90,6,0,0,1,0,55,0,1
11,2,78,6,0,0,1,0,55,-30539,0
11,3,0,0,0,0,0,0,55,-114822,1
11,4,0,0,0,0,0,0,54,-201802,0
11,5,0,0,0,0,0,0,53,-81401,0
12,1,67,9,1,0,1,1,95,0,1
12,2,90,11,1,0,1,3,95,53683,0
12,3,89,2,0,0,0,0,95,55091,1
12,4,90,8,1,0,1,0,95,64680,0
12,5,80,2,0,0,0,0,95,156317,0
13,1,67,3,0,0,1,0,75,0,1
13,2,84,5,0,0,1,0,75,-122235,0
13,3,90,5,0,1,0,0,75,-227106,1
13,4,80,6,0,1,1,0,74,-126667,0
13,5,90,1,0,0,0,0,74,-54820,0
14,1,14,1,0,0,0,0,65,0,1
14,2,45,1,0,0,0,0,65,-38776,0
14,3,0,0,0,0,0,0,64,-32301,1
14,4,9,1,0,0,0,0,63,-25833,0
14,5,17,1,0,0,0,0,63,-15015,0
15,1,75,11,1,0,1,3,65,0,1
15,2,70,3,0,0,1,0,66,252699,0
15,3,76,10,1,0,0,3,66,-52949,1
15,4,84,3,0,0,1,0,67,702273,0
15,5,72,2,0,0,0,0,68,194248,0
16,1,22,1,0,0,0,0,65,0,1
16,2,0,0,0,0,0,0,64,-6819,0
16,3,1,1,0,0,0,0,63,-6797,1
16,4,0,0,0,0,0,0,63,-3081,0
16,5,0,0,0,0,0,0,62,-2443,0
17,1,14,1,0,0,0,0,60,0,1
17,2,19,1,0,0,0,0,60,-12835,0
17,3,13,0,0,0,0,0,59,-10808,1
17,4,5,1,0,0,0,0,58,-7941,0
17,5,30,1,0,0,0,0,58,-4969,0
18,1,0,0,0,0,0,0,65,0,1
18,2,0,0,0,0,0,0,64,-5718,0
18,3,0,0,0,0,0,0,63,-5441,1
18,4,0,0,0,0,0,0,63,-6160,0
18,5,0,0,0,0,0,0,63,-1499,0
19,1,22,1,0,0,0,0,55,0,1
19,2,5,1,0,0,0,0,55,-19013,0
19,3,23,1,0,0,0,0,54,-16532,1
19,4,9,1,0,0,0,0,54,-11465,0
19,5,30,1,0,0,0,0,53,-7918,0
20,1,0,0,0,0,0,0,55,0,1
20,2,0,0,0,0,0,0,54,-1857,0
20,3,0,0,0,0,0,0,54,-1389,1
20,4,0,0,0,0,0,0,53,-713,0
20,5,9,1,0,0,0,0,53,-172,0
22,1,0,0,0,0,0,0,55,0,1
22,2,0,0,0,0,0,0,55,-248,0
22,3,0,0,0,0,0,0,54,-270,1
22,4,0,0,0,0,0,0,54,-333,0
22,5,0,0,0,0,0,0,54,-116,0
23,1,0,0,0,0,0,0,55,0,1
23,2,0,0,0,0,0,0,55,-135,0
23,3,0,0,0,0,0,0,55,-136,1
23,4,0,0,0,0,0,0,55,-265,0
23,5,0,0,0,0,0,0,55,-88,0
24,1,0,0,0,0,0,0,55,0,1
24,2,0,0,0,0,0,0,55,-108,0
24,3,0,0,0,0,0,0,55,-299,1
24,4,0,0,0,0,0,0,55,-113,0
24,5,0,0,0,0,0,0,55,-66,0
25,1,0,0,0,0,0,0,75,0,1
25,2,0,0,0,0,0,0,74,-229353,0
25,3,12,1,0,0,0,0,73,-192830,1
25,4,0,0,0,0,0,0,72,-92048,0
25,5,17,1,0,0,0,0,72,-51870,0
26,1,90,6,1,0,1,0,75,0,1
26,2,90,2,0,0,1,0,75,148783,0
26,3,77,8,1,0,0,2,75,-68870,1
26,4,90,1,0,0,1,0,75,118477,0
26,5,90,2,0,0,0,0,76,44371,0
27,1,0,0,0,0,0,0,60,0,1
27,2,0,0,0,0,0,0,60,-5264,0
27,3,0,0,0,0,0,0,59,-8859,1
27,4,0,0,0,0,0,0,59,-7696,0
27,5,0,0,0,0,0,0,59,-2292,0
31,1,0,0,0,0,0,0,45,0,1
31,2,11,1,0,0,0,0,45,-179766,0
31,3,90,4,0,0,0,0,44,71726,1
31,4,90,6,0,0,1,0,45,612675,0
31,5,90,1,0,0,0,0,45,277564,0
452,1,0,0,0,0,0,0,70,0,1
452,2,19,1,0,0,0,0,69,-125705,0
452,3,0,0,0,0,0,0,68,-57236,1
452,4,45,7,1,0,0,1,68,-35502,0
452,5,59,1,0,0,0,0,67,6316,0
557,1,75,6,0,1,1,0,65,0,1
557,2,45,0,0,0,0,0,65,180987,0
557,3,90,5,0,1,0,1,65,-601940,1
557,4,80,3,0,0,1,0,64,-328555,0
557,5,72,2,0,0,0,0,64,-263333,0
29,1,90,1,0,0,0,0,45,0,0
29,2,0,0,0,0,0,0,45,-36,1
29,3,0,0,0,0,0,0,45,-69,0
29,4,0,0,0,0,0,0,45,-601,1
29,5,0,0,0,0,0,0,45,-1076,0
30,1,0,0,0,0,0,0,45,0,0
30,2,0,0,0,0,0,0,45,-4977,1
30,3,0,0,0,0,0,0,45,-2071,0
30,4,0,0,0,0,0,0,45,-932,1
30,5,0,0,0,0,0,0,45,-431,0
32,1,90,-1,0,0,0,0,45,0,0
32,2,77,2,0,0,0,0,45,-79349,1
32,3,84,6,0,0,1,0,45,-35679,0
32,4,0,0,0,0,0,0,45,-80882,1
32,5,45,-1,0,0,0,0,44,-105428,0
33,1,16,1,0,0,0,0,45,0,0
33,2,0,0,0,0,0,0,45,-254,1
33,3,90,6,0,0,1,0,45,-2214,0
33,4,65,0,0,0,0,0,45,2788,1
33,5,90,3,0,0,0,0,45,-1624,0
34,1,73,0,0,0,0,0,45,0,0
34,2,90,2,0,0,0,0,45,-3229,1
34,3,0,0,0,0,0,0,45,919,0
34,4,24,1,0,0,0,0,45,-1717,1
34,5,0,0,0,0,0,0,45,-9138,0
35,1,16,1,0,0,0,0,50,0,0
35,2,0,0,0,0,0,0,50,-349,1
35,3,0,0,0,0,0,0,50,-311,0
35,4,0,0,0,0,0,0,50,-440,1
35,5,0,0,0,0,0,0,50,-487,0
36,1,81,0,0,0,0,0,45,0,0
36,2,90,1,0,0,0,0,45,-6312,1
36,3,74,7,0,0,1,1,45,2667,0
36,4,90,1,0,0,0,0,45,10444,1
36,5,0,0,0,0,0,0,45,-30695,0
37,1,90,-2,0,0,0,0,45,0,0
37,2,90,2,0,0,0,0,45,-2236,1
37,3,90,6,0,0,1,0,45,216,0
37,4,90,1,0,0,0,0,45,3012,1
37,5,90,1,0,0,0,0,45,-415,0
38,1,0,0,0,0,0,0,40,0,0
38,2,0,0,0,0,0,0,40,-6584,1
38,3,0,0,0,0,0,0,40,-506,0
38,4,0,0,0,0,0,0,40,-4343,1
38,5,0,0,0,0,0,0,40,-7021,0
39,1,0,0,0,0,0,0,40,0,0
39,2,0,0,0,0,0,0,40,-7238,1
39,3,0,0,0,0,0,0,40,-3988,0
39,4,0,0,0,0,0,0,40,-2186,1
39,5,0,0,0,0,0,0,40,-1273,0
41,1,85,2,0,0,0,0,60,0,0
41,2,90,2,0,0,0,0,60,-16866,1
41,3,74,3,0,0,1,0,60,-3519,0
41,4,62,2,0,0,0,0,59,-5900,1
41,5,90,12,1,0,0,3,59,-16876,0
44,1,0,0,0,0,0,0,55,0,0
44,2,0,0,0,0,0,0,55,-1655,1
44,3,0,0,0,0,0,0,54,-2630,0
44,4,0,0,0,0,0,0,54,-4702,1
44,5,0,0,0,0,0,0,54,-1648,0
45,1,81,1,0,0,0,0,55,0,0
45,2,90,1,0,0,0,0,55,-37047,1
45,3,90,3,0,0,1,0,54,-27591,0
45,4,90,6,0,1,0,1,54,-12721,1
45,5,83,6,0,1,1,0,54,-5772,0
46,1,73,2,0,0,0,0,50,0,0
46,2,77,2,0,0,0,0,50,-841,1
46,3,90,3,0,0,1,0,50,1735,0
46,4,62,2,0,0,0,0,50,1496,1
46,5,6,1,0,0,0,0,50,-1310,0
47,1,90,2,0,0,0,0,50,0,0
47,2,90,2,0,0,0,0,50,-2250,1
47,3,90,3,0,0,1,0,50,-720,0
47,4,90,2,0,0,0,0,50,-1023,1
47,5,83,6,0,1,1,0,50,-2746,0
48,1,0,0,0,0,0,0,50,0,0
48,2,0,0,0,0,0,0,50,-372,1
48,3,0,0,0,0,0,0,50,-430,0
48,4,0,0,0,0,0,0,50,-160,1
48,5,0,0,0,0,0,0,49,-137,0
49,1,0,0,0,0,0,0,50,0,0
49,2,0,0,0,0,0,0,50,-120,1
49,3,0,0,0,0,0,0,50,-63,0
49,4,0,0,0,0,0,0,50,-22,1
49,5,0,0,0,0,0,0,50,-20,0
50,1,0,0,0,0,0,0,45,0,0
50,2,0,0,0,0,0,0,45,-3255,1
50,3,0,0,0,0,0,0,45,-408,0
50,4,0,0,0,0,0,0,45,-1967,1
50,5,0,0,0,0,0,0,45,-5269,0
51,1,90,2,0,0,0,0,45,0,0
51,2,70,2,0,0,0,0,45,3259,1
51,3,74,3,0,0,1,0,45,21970,0
51,4,45,1,0,0,0,0,45,30719,1
51,5,18,1,0,0,0,0,45,-3198,0
52,1,8,1,0,0,0,0,50,0,0
52,2,19,0,0,0,0,0,50,-253,1
52,3,15,1,0,0,0,0,50,-102,0
52,4,45,6,1,0,0,0,50,-205,1
52,5,0,0,0,0,0,0,50,983,0
53,1,0,0,0,0,0,0,60,0,0
53,2,0,0,0,0,0,0,60,-8558,1
53,3,0,0,0,0,0,0,59,-4708,0
53,4,27,1,0,0,0,0,59,-1220,1
53,5,71,13,1,1,1,2,59,853,0
54,1,39,-2,0,0,0,0,55,0,0
54,2,0,0,0,0,0,0,55,-1729,1
54,3,0,0,0,0,0,0,55,-1095,0
54,4,0,0,0,0,0,0,55,-383,1
54,5,90,4,0,0,0,0,55,137,0
55,1,0,0,0,0,0,0,80,0,0
55,2,0,0,0,0,0,0,79,-265828,1
55,3,0,0,0,0,0,0,78,-305129,0
55,4,0,0,0,0,0,0,78,-126292,1
55,5,0,0,0,0,0,0,78,-35250,0
56,1,0,0,0,0,0,0,55,0,0
56,2,19,1,0,0,0,0,55,-2086,1
56,3,5,1,0,0,0,0,55,2174,0
56,4,45,1,0,0,0,0,55,1369,1
56,5,2,1,0,0,0,0,55,1415,0
160,1,4,1,0,0,0,0,60,0,0
160,2,12,1,0,0,0,0,60,-8554,1
160,3,15,1,0,0,0,0,59,-9524,0
160,4,0,0,0,0,0,0,59,-7225,1
160,5,0,0,0,0,0,0,58,-6202,0
166,1,0,0,0,0,0,0,65,0,0
166,2,70,2,0,0,0,0,65,-2878,1
166,3,84,2,0,0,1,0,65,37834,0
166,4,45,0,0,0,0,0,65,28857,1
166,5,87,6,1,0,0,1,65,-17305,0
582,1,0,0,0,0,0,0,55,0,0
582,2,0,0,0,0,0,0,55,-7757,1
582,3,0,0,0,0,0,0,55,-8463,0
582,4,0,0,0,0,0,0,55,-5489,1
582,5,0,0,0,0,0,0,54,-4377,0
596,1,8,1,0,0,0,0,45,0,0
596,2,0,0,0,0,0,0,45,-243,1
596,3,15,1,0,0,0,0,45,-990,0
596,4,0,0,0,0,0,0,45,-993,1
596,5,90,3,0,0,0,0,45,-395,0
597,1,0,0,0,0,0,0,50,0,0
597,2,90,2,0,0,0,0,50,-2542,1
597,3,90,10,0,0,1,3,50,21820,0
597,4,90,2,0,0,0,0,50,64651,1
597,5,90,2,0,0,0,0,50,-2224,0
606,1,0,0,0,0,0,0,40,0,0
606,2,0,0,0,0,0,0,40,1314,1
606,3,0,0,0,0,0,0,40,4717,0
606,4,0,0,0,0,0,0,40,1187,1
606,5,0,0,0,0,0,0,40,223,0
607,1,0,0,0,0,0,0,45,0,0
607,2,0,0,0,0,0,0,45,2771,1
607,3,0,0,0,0,0,0,45,1177,0
607,4,0,0,0,0,0,0,45,-2922,1
607,5,0,0,0,0,0,0,45,-1367,0
611,2,12,1,0,0,0,0,45,1383,1
611,3,5,1,0,0,0,0,45,5012,0
611,4,90,3,0,0,0,0,45,1842,1
611,5,45,1,0,0,0,0,45,2283,0
618,2,0,0,0,0,0,0,60,205,1
618,3,0,0,0,0,0,0,60,2608,0
618,4,0,0,0,0,0,0,60,-1201,1
618,5,0,0,0,0,0,0,59,-1317,0
630,3,0,0,0,0,0,0,45,755,0
630,4,0,0,0,0,0,0,45,388,1
630,5,0,0,0,0,0,0,45,28,0
631,3,0,0,0,0,0,0,60,3426,0
631,4,27,1,0,0,0,0,60,1207,1
631,5,6,1,0,0,0,0,60,1194,0
667,5,0,0,0,0,0,0,40,0,0
57,1,90,2,0,0,0,0,45,0,0
57,2,90,3,0,0,0,0,45,11325,1
57,3,90,1,0,0,0,0,45,11030,0
57,4,90,1,0,0,0,0,45,-9622,1
57,5,90,2,0,0,0,0,45,-19421,1
58,1,0,0,0,0,0,0,40,0,0
58,2,0,0,0,0,0,0,40,-1091,1
58,3,0,0,0,0,0,0,40,17023,0
58,4,0,0,0,0,0,0,40,14555,1
58,5,0,0,0,0,0,0,40,6886,1
59,1,0,0,0,0,0,0,40,0,0
59,2,0,0,0,0,0,0,40,-384,1
59,3,0,0,0,0,0,0,40,-2784,0
59,4,0,0,0,0,0,0,40,-1608,1
59,5,0,0,0,0,0,0,40,-1059,1
60,1,90,1,0,0,0,0,55,0,0
60,2,90,4,0,0,0,0,55,2412,1
60,3,90,1,0,0,0,0,55,-4574,0
60,4,90,2,0,0,0,0,55,-2382,1
60,5,90,4,0,0,0,0,55,-8309,1
61,1,90,1,0,0,0,0,55,0,0
61,2,90,4,0,0,0,2,55,-5220,1
61,3,90,0,0,0,0,0,55,-30205,0
61,4,90,3,0,0,0,0,55,-33011,1
61,5,90,2,0,0,0,0,55,-27978,1
62,1,0,0,0,0,0,0,50,0,0
62,2,0,0,0,0,0,0,50,401,1
62,3,0,0,0,0,0,0,50,-2153,0
62,4,0,0,0,0,0,0,50,-1343,1
62,5,0,0,0,0,0,0,50,-1312,1
63,1,0,0,0,0,0,0,50,0,0
63,2,0,0,0,0,0,0,50,-222,1
63,3,0,0,0,0,0,0,50,-154,0
63,4,0,0,0,0,0,0,50,-94,1
63,5,0,0,0,0,0,0,49,-21,1
64,1,90,1,0,0,0,0,45,0,0
64,2,90,1,0,0,0,0,45,1827,1
64,3,90,0,0,0,0,0,45,-461,0
64,4,90,0,0,0,0,0,45,-233,1
64,5,74,2,0,0,0,0,45,-1163,1
65,1,0,0,0,0,0,0,45,0,0
65,2,0,0,0,0,0,0,45,-418,1
65,3,0,0,0,0,0,0,45,-270,0
65,4,0,0,0,0,0,0,44,-117,1
65,5,0,0,0,0,0,0,44,-50,1
66,1,0,0,0,0,0,0,40,0,0
66,2,0,0,0,0,0,0,40,-2011,1
66,3,0,0,0,0,0,0,40,3691,0
66,4,0,0,0,0,0,0,40,1583,1
66,5,0,0,0,0,0,0,40,-57,1
67,1,88,2,0,0,0,0,65,0,0
67,2,90,2,0,0,0,0,65,1501,1
67,3,88,2,0,0,0,0,65,-48316,0
67,4,81,2,0,0,0,0,64,-33384,1
67,5,87,2,0,0,0,0,64,-30627,1
68,1,90,10,1,0,0,3,60,0,0
68,2,90,1,0,0,0,0,60,74776,1
68,3,88,10,1,0,0,3,60,-21585,0
68,4,82,8,1,0,0,2,60,125960,1
68,5,74,2,0,0,0,0,61,257318,1
69,1,90,2,0,0,0,0,60,0,0
69,2,86,12,1,0,1,3,60,-4366,1
69,3,90,10,0,2,0,2,60,39114,0
69,4,90,4,0,0,0,0,61,324036,1
69,5,90,2,0,0,0,0,61,-5057,1
70,1,74,3,0,0,1,0,60,0,0
70,2,80,3,0,0,1,0,60,6731,1
70,3,75,1,0,0,0,0,60,-12692,0
70,4,65,8,1,0,0,1,60,-12026,1
70,5,0,0,0,0,0,0,60,3462,1
71,1,75,3,0,0,1,0,50,0,0
71,2,68,3,0,0,1,0,50,1552,1
71,3,14,1,0,0,0,0,50,2757,0
71,4,8,0,0,0,0,0,50,-1358,1
71,5,15,1,0,0,0,0,50,-2898,1
72,1,1,1,0,0,0,0,50,0,0
72,2,0,0,0,0,0,0,50,-468,1
72,3,1,1,0,0,0,0,50,-1165,0
72,4,8,1,0,0,0,0,49,-612,1
72,5,2,1,0,0,0,0,49,-515,1
73,1,15,1,0,0,0,0,50,0,0
73,2,21,1,0,0,0,0,50,177,1
73,3,75,4,0,0,0,0,50,897,0
73,4,81,2,0,0,0,0,50,2015,1
73,5,87,4,0,0,0,0,50,-871,1
74,1,0,0,0,0,0,0,50,0,0
74,2,9,1,0,0,0,0,50,-93,1
74,3,14,1,0,0,0,0,50,292,0
74,4,7,0,0,0,0,0,50,-81,1
74,5,15,1,0,0,0,0,50,-394,1
75,1,0,0,0,0,0,0,50,0,0
75,2,3,1,0,0,0,0,50,364,1
75,3,1,1,0,0,0,0,50,522,0
75,4,24,1,0,0,0,0,50,542,1
75,5,74,2,0,0,0,0,50,-118,1
76,1,15,1,0,0,0,0,50,0,0
76,2,0,0,0,0,0,0,50,-46,1
76,3,0,0,0,0,0,0,50,-108,0
76,4,0,0,0,0,0,0,50,-138,1
76,5,2,1,0,0,0,0,49,-80,1
77,1,0,0,0,0,0,0,50,0,0
77,2,0,0,0,0,0,0,50,-922,1
77,3,0,0,0,0,0,0,49,-491,0
77,4,0,0,0,0,0,0,49,-275,1
77,5,0,0,0,0,0,0,49,-184,1
78,1,0,0,0,0,0,0,75,0,0
78,2,0,0,0,0,0,0,75,-12946,1
78,3,0,0,0,0,0,0,74,-7714,0
78,4,0,0,0,0,0,0,74,-3124,1
78,5,0,0,0,0,0,0,74,-1688,1
79,1,74,4,0,1,1,0,60,0,0
79,2,80,5,0,1,1,0,60,53599,1
79,3,90,2,0,0,0,0,60,26119,0
79,4,90,5,0,1,0,0,60,3494,1
79,5,90,2,0,0,0,0,60,-2578,1
80,1,0,0,0,0,0,0,55,0,0
80,2,0,0,0,0,0,0,55,-1070,1
80,3,0,0,0,0,0,0,55,-522,0
80,4,0,0,0,0,0,0,55,-219,1
80,5,0,0,0,0,0,0,55,-121,1
81,1,0,0,0,0,0,0,60,0,0
81,2,9,1,0,0,0,0,60,-182,1
81,3,0,0,0,0,0,0,60,-398,0
81,4,1,1,0,0,0,0,60,-409,1
81,5,0,0,0,0,0,0,60,-435,1
566,1,90,2,0,0,0,0,50,0,0
566,2,90,4,0,0,0,0,50,5175,1
566,3,90,1,0,0,0,0,50,3048,0
566,4,90,3,0,0,0,0,50,-299,1
566,5,90,3,0,0,0,0,50,-3903,1
573,1,0,0,0,0,0,0,45,0,0
573,2,0,0,0,0,0,0,45,-1013,1
573,3,0,0,0,0,0,0,45,-1920,0
573,4,0,0,0,0,0,0,45,-1322,1
573,5,0,0,0,0,0,0,44,-982,1
608,1,15,1,0,0,0,0,50,0,0
608,2,0,0,0,0,0,0,50,2056,1
608,3,1,1,0,0,0,0,50,2512,0
608,4,0,0,0,0,0,0,50,1502,1
608,5,15,1,0,0,0,0,50,-62,1
615,2,0,0,0,0,0,0,45,214,1
615,3,0,0,0,0,0,0,45,949,0
615,4,0,0,0,0,0,0,45,229,1
615,5,0,0,0,0,0,0,45,-198,1
82,1,90,7,0,0,1,0,50,0,1
82,2,90,2,0,0,0,0,50,54510,0
82,3,90,2,0,0,0,0,50,54758,1
82,4,90,3,0,0,0,0,50,-23973,0
82,5,90,6,0,0,1,0,50,-53924,1
83,1,0,0,0,0,0,0,45,0,1
83,2,0,0,0,0,0,0,45,-248,0
83,3,0,0,0,0,0,0,45,-432,1
83,4,0,0,0,0,0,0,45,-438,0
83,5,0,0,0,0,0,0,45,-567,1
84,1,90,6,0,0,1,0,55,0,1
84,2,90,3,0,0,0,0,55,15716,0
84,3,16,1,0,0,0,0,55,11591,1
84,4,0,0,0,0,0,0,55,-76756,0
84,5,0,0,0,0,0,0,54,-39288,1
85,1,0,0,0,0,0,0,50,0,1
85,2,0,0,0,0,0,0,50,-3978,0
85,3,0,0,0,0,0,0,49,-2342,1
85,4,0,0,0,0,0,0,49,-1184,0
85,5,0,0,0,0,0,0,49,-729,1
86,1,90,10,1,0,1,2,55,0,1
86,2,87,6,0,1,0,1,55,45826,0
86,3,90,2,0,0,0,0,55,74882,1
86,4,59,1,0,0,0,0,55,-6193,0
86,5,80,3,0,0,1,0,55,-36251,1
87,1,90,8,0,0,1,0,45,0,1
87,2,90,3,0,0,0,0,45,56076,0
87,3,90,2,0,0,0,0,45,112523,1
87,4,90,1,0,0,0,0,45,-51781,0
87,5,90,7,0,0,1,1,45,-65023,1
88,1,75,13,1,0,1,1,45,0,1
88,2,87,2,0,0,0,0,46,289643,0
88,3,45,1,0,0,0,0,46,121903,1
88,4,19,1,0,0,0,0,46,-58707,0
88,5,68,6,0,0,1,0,46,-116375,1
89,1,0,0,0,0,0,0,45,0,1
89,2,2,1,0,0,0,0,45,-1602,0
89,3,0,0,0,0,0,0,45,-1641,1
89,4,0,0,0,0,0,0,45,-1693,0
89,5,0,0,0,0,0,0,44,-1238,1
90,1,14,1,0,0,0,0,45,0,1
90,2,2,1,0,0,0,0,45,83,0
90,3,45,1,0,0,0,0,45,-239,1
90,4,70,1,0,0,0,0,45,-402,0
90,5,21,1,0,0,0,0,45,-261,1
92,1,0,0,0,0,0,0,45,0,1
92,2,0,0,0,0,0,0,45,-86,0
92,3,0,0,0,0,0,0,45,-133,1
92,4,0,0,0,0,0,0,45,-125,0
92,5,0,0,0,0,0,0,45,-94,1
93,1,0,0,0,0,0,0,45,0,1
93,2,0,0,0,0,0,0,45,-1064,0
93,3,73,4,0,0,0,0,45,-1306,1
93,4,90,3,0,0,0,0,45,170,0
93,5,90,14,0,1,1,3,45,-726,1
94,1,90,3,0,0,1,0,60,0,1
94,2,87,10,1,0,0,3,60,-791,0
94,3,90,2,0,0,0,0,60,92782,1
94,4,90,15,2,0,0,3,60,-59161,0
94,5,90,9,0,2,1,0,61,367021,1
95,1,66,3,0,0,1,0,65,0,1
95,2,29,1,0,0,0,0,65,-3604,0
95,3,45,1,0,0,0,0,65,-24974,1
95,4,30,1,0,0,0,0,64,-22021,0
95,5,9,1,0,0,0,0,63,-13619,1
96,1,14,1,0,0,0,0,55,0,1
96,2,68,3,0,0,1,0,55,-5226,0
96,3,85,8,0,1,0,3,55,-3734,1
96,4,30,1,0,0,0,0,55,807,0
96,5,86,3,0,0,1,0,54,-6452,1
97,1,66,6,0,1,1,0,55,0,1
97,2,0,0,0,0,0,0,55,2521,0
97,3,0,0,0,0,0,0,55,-6340,1
97,4,0,0,0,0,0,0,54,-4249,0
97,5,0,0,0,0,0,0,54,-1881,1
98,1,90,9,1,0,1,0,50,0,1
98,2,90,1,0,0,0,0,50,29474,0
98,3,90,11,1,0,0,3,50,16015,1
98,4,90,4,0,0,0,0,50,139007,0
98,5,90,3,0,0,1,0,50,13473,1
99,1,0,0,0,0,0,0,50,0,1
99,2,0,0,0,0,0,0,50,-17,0
99,3,0,0,0,0,0,0,50,-8,1
99,4,0,0,0,0,0,0,50,-5,0
99,5,0,0,0,0,0,0,50,-13,1
100,1,0,0,0,0,0,0,50,0,1
100,2,0,0,0,0,0,0,50,-91,0
100,3,0,0,0,0,0,0,50,185,1
100,4,0,0,0,0,0,0,50,3,0
100,5,3,6,1,0,0,0,50,-77,1
102,1,23,1,0,0,0,0,50,0,1
102,2,21,1,0,0,0,0,50,-12434,0
102,3,45,0,0,0,0,0,49,-18230,1
102,4,59,4,0,1,0,0,49,-15709,0
102,5,68,3,0,0,1,0,48,-7524,1
103,1,0,0,0,0,0,0,50,0,1
103,2,0,0,0,0,0,0,50,-189,0
103,3,0,0,0,0,0,0,50,-369,1
103,4,0,0,0,0,0,0,49,-614,0
103,5,0,0,0,0,0,0,49,-282,1
105,1,23,1,0,0,0,0,60,0,1
105,2,60,2,0,0,1,0,60,-433,0
105,3,45,1,0,0,0,0,60,-1707,1
105,4,59,1,0,0,0,0,60,-1801,0
105,5,80,10,1,0,1,2,59,-1462,1
106,1,82,0,0,0,1,0,80,0,1
106,2,90,2,0,0,0,0,80,-49395,0
106,3,90,2,0,0,0,0,80,-240730,1
106,4,90,1,0,0,0,0,79,-296868,0
106,5,90,5,1,0,1,0,78,-189492,1
107,1,0,0,0,0,0,0,45,0,1
107,2,0,0,0,0,0,0,45,-252,0
107,3,0,0,0,0,0,0,45,13495,1
107,4,0,0,0,0,0,0,45,4526,0
107,5,0,0,0,0,0,0,45,-13858,1
108,1,7,1,0,0,0,0,55,0,1
108,2,2,1,0,0,0,0,55,-457,0
108,3,4,1,0,0,0,0,55,-1724,1
108,4,0,0,0,0,0,0,55,-3164,0
108,5,0,0,0,0,0,0,55,-4371,1
565,1,75,14,0,2,1,3,55,0,1
565,2,90,4,0,0,0,0,56,420422,0
565,3,45,0,0,0,0,0,57,509396,1
565,4,90,4,0,0,0,0,57,-207682,0
565,5,21,0,0,0,0,0,57,-184737,1
620,2,0,0,0,0,0,0,45,563,0
620,3,0,0,0,0,0,0,45,6560,1
620,4,30,1,0,0,0,0,45,-31,0
620,5,9,1,0,0,0,0,45,-593,1
657,4,0,0,0,0,0,0,45,0,0
657,5,0,0,0,0,0,0,45,1349,1
660,5,0,0,0,0,0,0,40,0,1
661,5,0,0,0,0,0,0,40,0,1
109,1,90,6,0,0,1,0,45,0,1
109,2,90,0,0,0,0,0,45,39276,0
109,3,90,3,0,0,0,0,45,114050,1
109,4,90,8,0,0,1,0,45,51727,0
109,5,90,6,0,0,1,0,45,-47432,1
111,1,0,0,0,0,0,0,40,0,1
111,2,0,0,0,0,0,0,40,-3330,0
111,3,0,0,0,0,0,0,40,27834,1
111,4,0,0,0,0,0,0,40,10916,0
111,5,0,0,0,0,0,0,40,-988,1
113,1,0,0,0,0,0,0,45,0,1
113,2,90,0,0,0,0,0,45,-48824,0
113,3,77,2,0,0,0,0,44,-19909,1
113,4,90,6,0,0,1,0,44,-18414,0
113,5,75,5,0,0,1,0,44,-13983,1
114,1,90,6,0,0,1,0,45,0,1
114,2,90,-1,0,0,0,0,45,2544,0
114,3,90,2,0,0,0,0,45,2298,1
114,4,77,6,0,0,1,0,45,-585,0
114,5,90,6,0,0,1,0,45,-1117,1
115,1,77,17,1,1,1,2,45,0,1
115,2,90,0,0,0,0,0,46,473840,0
115,3,76,4,0,1,0,0,47,762031,1
115,4,90,11,0,1,1,2,48,509874,0
115,5,90,6,0,0,1,1,49,287563,1
116,1,90,6,0,0,1,0,45,0,1
116,2,90,-1,0,0,0,0,45,8033,0
116,3,90,5,0,0,0,1,45,6568,1
116,4,90,12,1,0,1,0,45,9404,0
116,5,0,0,0,0,0,0,45,16492,1
117,1,0,0,0,0,0,0,45,0,1
117,2,0,0,0,0,0,0,45,-33,0
117,3,0,0,0,0,0,0,45,-35,1
117,4,0,0,0,0,0,0,45,-50,0
117,5,0,0,0,0,0,0,45,-33,1
118,1,0,0,0,0,0,0,45,0,1
118,2,0,0,0,0,0,0,45,-404,0
118,3,0,0,0,0,0,0,45,-1451,1
118,4,0,0,0,0,0,0,45,-1990,0
118,5,0,0,0,0,0,0,45,-883,1
119,1,26,1,0,0,0,0,45,0,1
119,2,10,0,0,0,0,0,45,59,0
119,3,12,1,0,0,0,0,45,-72,1
119,4,6,1,0,0,0,0,45,-117,0
119,5,14,1,0,0,0,0,45,-90,1
120,1,0,0,0,0,0,0,50,0,1
120,2,0,0,0,0,0,0,50,84,0
120,3,0,0,0,0,0,0,50,-124,1
120,4,0,0,0,0,0,0,50,4,0
120,5,4,1,0,0,0,0,50,-310,1
121,1,0,0,0,0,0,0,60,0,1
121,2,0,0,0,0,0,0,60,-1078,0
121,3,0,0,0,0,0,0,60,-821,1
121,4,0,0,0,0,0,0,59,-383,0
121,5,0,0,0,0,0,0,59,-229,1
122,1,0,0,0,0,0,0,60,0,1
122,2,0,0,0,0,0,0,60,-3381,0
122,3,0,0,0,0,0,0,59,-1839,1
122,4,0,0,0,0,0,0,59,-716,0
122,5,0,0,0,0,0,0,59,-448,1
123,1,63,16,2,0,1,3,60,0,1
123,2,0,0,0,0,0,0,60,101743,0
123,3,0,0,0,0,0,0,60,-92072,1
123,4,0,0,0,0,0,0,60,-44735,0
123,5,0,0,0,0,0,0,59,-26541,1
124,1,90,2,0,0,1,0,55,0,1
124,2,90,13,1,1,0,3,55,-81694,0
124,3,90,1,0,0,0,0,55,341111,1
124,4,90,17,1,2,1,3,56,72242,0
124,5,90,14,1,1,1,3,57,499051,1
125,1,90,5,0,1,1,0,55,0,1
125,2,0,0,0,0,0,0,55,8880,0
125,3,0,0,0,0,0,0,55,-21930,1
125,4,0,0,0,0,0,0,54,-17412,0
125,5,14,1,0,0,0,0,54,-10169,1
126,1,0,0,0,0,0,0,55,0,1
126,2,0,0,0,0,0,0,55,-696,0
126,3,0,0,0,0,0,0,55,-909,1
126,4,6,1,0,0,0,0,55,-515,0
126,5,4,1,0,0,0,0,54,-662,1
127,1,85,6,0,1,1,0,50,0,1
127,2,90,5,0,1,0,0,50,7080,0
127,3,90,2,0,0,0,0,50,117389,1
127,4,83,3,0,0,1,0,50,5076,0
127,5,85,8,0,1,1,0,50,-68669,1
128,1,0,0,0,0,0,0,50,0,1
128,2,0,0,0,0,0,0,50,-173,0
128,3,0,0,0,0,0,0,50,-94,1
128,4,0,0,0,0,0,0,50,-39,0
128,5,0,0,0,0,0,0,50,-17,1
129,1,63,2,0,0,1,0,55,0,1
129,2,0,0,0,0,0,0,55,-4277,0
129,3,90,2,0,0,0,0,54,-19892,1
129,4,90,8,1,0,1,0,54,-4206,0
129,5,90,3,0,0,1,0,54,-939,1
130,1,77,7,0,0,1,1,50,0,1
130,2,79,0,0,0,0,0,50,10371,0
130,3,0,0,0,0,0,0,50,-473,1
130,4,0,0,0,0,0,0,50,-18513,0
130,5,0,0,0,0,0,0,49,-6902,1
132,1,0,0,0,0,0,0,45,0,1
132,2,0,0,0,0,0,0,45,-1532,0
132,3,0,0,0,0,0,0,45,-976,1
132,4,0,0,0,0,0,0,45,-575,0
132,5,0,0,0,0,0,0,45,-395,1
133,1,0,0,0,0,0,0,50,0,1
133,2,0,0,0,0,0,0,50,-56,0
133,3,0,0,0,0,0,0,50,-46,1
133,4,0,0,0,0,0,0,50,-19,0
133,5,0,0,0,0,0,0,50,-10,1
134,1,0,0,0,0,0,0,45,0,1
134,2,0,0,0,0,0,0,45,-1072,0
134,3,0,0,0,0,0,0,45,-147,1
134,4,0,0,0,0,0,0,45,-1093,0
134,5,0,0,0,0,0,0,45,-2152,1
135,1,12,1,0,0,0,0,50,0,1
135,2,0,0,0,0,0,0,50,-506,0
135,3,0,0,0,0,0,0,50,-1062,1
135,4,0,0,0,0,0,0,49,-1135,0
135,5,0,0,0,0,0,0,49,-1161,1
137,1,0,0,0,0,0,0,55,0,1
137,2,0,0,0,0,0,0,55,-168,0
137,3,0,0,0,0,0,0,55,-130,1
137,4,0,0,0,0,0,0,55,-82,0
137,5,0,0,0,0,0,0,54,-21,1
138,1,26,1,0,0,0,0,55,0,1
138,2,79,5,0,1,0,0,55,-767,0
138,3,90,2,0,0,0,0,55,23615,1
138,4,83,10,1,1,1,1,55,7254,0
138,5,75,10,1,1,1,2,55,42079,1
139,1,0,0,0,0,0,0,50,0,1
139,2,0,0,0,0,0,0,50,-305,0
139,3,0,0,0,0,0,0,50,-173,1
139,4,0,0,0,0,0,0,50,-178,0
139,5,0,0,0,0,0,0,50,-162,1
328,1,0,0,0,0,0,0,50,0,1
328,2,0,0,0,0,0,0,50,-1138,0
328,3,1,1,0,0,0,0,50,-2128,1
328,4,12,1,0,0,0,0,50,-1007,0
328,5,85,5,0,0,1,0,49,-1949,1
504,1,90,6,0,0,1,0,50,0,1
504,2,90,0,0,0,0,0,50,8839,0
504,3,90,12,1,0,0,2,50,-9735,1
504,4,77,6,0,0,1,0,50,86436,0
504,5,90,8,0,0,1,0,50,-7252,1
594,1,0,0,0,0,0,0,60,0,1
594,2,10,1,0,0,0,0,60,-1622,0
594,3,13,0,0,0,0,0,60,-1278,1
594,4,0,0,0,0,0,0,60,-2415,0
594,5,0,0,0,0,0,0,60,-3096,1
600,1,12,1,0,0,0,0,50,0,1
600,2,16,1,0,0,0,0,50,75,0
600,3,0,0,0,0,0,0,50,30,1
600,4,12,1,0,0,0,0,50,-148,0
600,5,0,0,0,0,0,0,50,-93,1
605,1,4,1,0,0,0,0,45,0,1
605,2,73,8,1,0,0,1,45,3387,0
605,3,90,2,0,0,0,0,45,174780,1
605,4,64,8,1,0,1,0,45,125140,0
605,5,5,1,0,0,0,0,45,87628,1
614,2,0,0,0,0,0,0,45,952,0
614,3,0,0,0,0,0,0,45,1310,1
614,4,0,0,0,0,0,0,45,-135,0
614,5,0,0,0,0,0,0,45,-93,1
624,2,0,0,0,0,0,0,50,0,0
624,3,0,0,0,0,0,0,50,61,1
624,4,0,0,0,0,0,0,50,-40,0
624,5,0,0,0,0,0,0,50,-12,1
639,3,0,0,0,0,0,0,55,219,1
639,4,25,4,0,1,0,0,55,318,0
639,5,84,8,1,0,1,0,55,239,1
652,3,0,0,0,0,0,0,55,214,1
652,4,0,0,0,0,0,0,55,62,0
652,5,0,0,0,0,0,0,55,-10,1
658,4,0,0,0,0,0,0,45,0,0
658,5,0,0,0,0,0,0,45,895,1
28,1,0,0,0,0,0,0,50,0,0
28,2,90,2,0,0,0,0,50,-42289,1
28,3,90,3,0,0,0,0,50,13115,0
28,4,90,2,0,0,0,0,50,68402,1
28,5,90,2,0,0,0,0,50,-32803,0
40,1,81,8,1,0,0,1,75,0,0
40,2,90,5,0,1,0,0,75,180102,1
40,3,86,6,1,0,0,0,75,-110434,0
40,4,90,8,1,0,0,1,76,1039938,1
40,5,90,2,0,0,0,0,77,628130,0
101,1,0,0,0,0,0,0,50,0,0
101,2,0,0,0,0,0,0,50,-477,1
101,3,0,0,0,0,0,0,50,-557,0
101,4,0,0,0,0,0,0,49,-444,1
101,5,90,2,0,0,0,0,49,-383,0
136,1,0,0,0,0,0,0,60,0,0
136,2,0,0,0,0,0,0,60,-19289,1
136,3,3,1,0,0,0,0,59,-16503,0
136,4,12,1,0,0,0,0,59,-5112,1
136,5,70,2,0,0,0,0,59,20936,0
140,1,90,2,0,0,0,0,50,0,0
140,2,0,0,0,0,0,0,50,-18267,1
140,3,0,0,0,0,0,0,49,-82439,0
140,4,0,0,0,0,0,0,49,-44507,1
140,5,0,0,0,0,0,0,49,-15548,0
141,1,0,0,0,0,0,0,50,0,0
141,2,0,0,0,0,0,0,50,-501,1
141,3,0,0,0,0,0,0,50,-270,0
141,4,0,0,0,0,0,0,50,-95,1
141,5,0,0,0,0,0,0,50,-52,0
142,1,90,0,0,0,0,0,55,0,0
142,2,22,1,0,0,0,0,55,-18793,1
142,3,90,1,0,0,0,0,55,-184123,0
142,4,90,1,0,0,0,0,54,-30934,1
142,5,0,0,0,0,0,0,54,-120634,0
143,1,0,0,0,0,0,0,55,0,0
143,2,0,0,0,0,0,0,55,-8058,1
143,3,0,0,0,0,0,0,55,-3529,0
143,4,0,0,0,0,0,0,55,-1338,1
143,5,0,0,0,0,0,0,55,-705,0
144,1,75,1,0,0,0,0,50,0,0
144,2,90,1,0,0,0,0,50,2378,1
144,3,30,1,0,0,0,0,50,-11595,0
144,4,77,1,0,0,0,0,50,-6655,1
144,5,0,0,0,0,0,0,50,-9281,0
145,1,0,0,0,0,0,0,50,0,0
145,2,67,0,0,0,0,0,50,552,1
145,3,90,3,0,0,0,0,50,1351,0
145,4,85,1,0,0,0,0,50,7374,1
145,5,70,4,0,0,0,0,50,-112,0
146,1,0,0,0,0,0,0,45,0,0
146,2,0,0,0,0,0,0,45,-568,1
146,3,0,0,0,0,0,0,45,-719,0
146,4,0,0,0,0,0,0,45,-250,1
146,5,0,0,0,0,0,0,45,-128,0
148,1,64,1,0,0,0,0,45,0,0
148,2,90,4,0,1,0,0,45,-126,1
148,3,59,3,0,1,0,0,45,12089,0
148,4,45,0,0,0,0,0,45,42963,1
148,5,0,0,0,0,0,0,45,-16858,0
149,1,90,0,0,0,0,0,50,0,0
149,2,71,1,0,0,0,0,50,-7208,1
149,3,0,0,0,0,0,0,50,-25878,0
149,4,90,1,0,0,0,0,49,-17331,1
149,5,90,1,0,0,0,0,49,-16952,0
150,1,0,0,0,0,0,0,45,0,0
150,2,0,0,0,0,0,0,45,-544,1
150,3,0,0,0,0,0,0,45,-3325,0
150,4,0,0,0,0,0,0,45,-1063,1
150,5,0,0,0,0,0,0,45,-455,0
151,1,90,3,0,0,0,0,45,0,0
151,2,22,1,0,0,0,0,45,4931,1
151,3,90,1,0,0,0,0,45,-1989,0
151,4,0,0,0,0,0,0,45,1716,1
151,5,19,0,0,0,0,0,45,-4505,0
152,1,0,0,0,0,0,0,55,0,0
152,2,0,0,0,0,0,0,55,-64977,1
152,3,0,0,0,0,0,0,54,-79182,0
152,4,0,0,0,0,0,0,54,-45257,1
152,5,0,0,0,0,0,0,53,-20665,0
154,1,82,13,1,1,0,3,95,0,0
154,2,90,7,1,0,0,0,95,344912,1
154,3,90,1,0,0,0,0,96,195102,0
154,4,90,5,0,1,0,0,97,842103,1
154,5,90,2,0,0,0,0,97,25953,0
156,1,14,1,0,0,0,0,65,0,0
156,2,67,7,1,0,0,0,65,-17727,1
156,3,80,2,0,0,0,0,65,2299,0
156,4,85,2,0,0,0,0,65,17123,1
156,5,86,2,0,0,0,0,65,-6221,0
157,1,7,1,0,0,0,0,65,0,0
157,2,0,0,0,0,0,0,65,-18220,1
157,3,9,1,0,0,0,0,64,-31266,0
157,4,4,1,0,0,0,0,64,-10183,1
157,5,3,1,0,0,0,0,63,-7152,0
158,1,0,0,0,0,0,0,60,0,0
158,2,0,0,0,0,0,0,60,-502,1
158,3,0,0,0,0,0,0,59,-715,0
158,4,0,0,0,0,0,0,59,-225,1
158,5,0,0,0,0,0,0,59,-209,0
159,1,0,0,0,0,0,0,55,0,0
159,2,13,1,0,0,0,0,55,-88842,1
159,3,0,0,0,0,0,0,54,-88920,0
159,4,0,0,0,0,0,0,54,-48857,1
159,5,0,0,0,0,0,0,53,-31135,0
161,1,64,1,0,0,0,0,50,0,0
161,2,67,7,1,0,0,0,50,254,1
161,3,59,1,0,0,0,0,50,9966,0
161,4,68,2,0,0,0,0,50,3527,1
161,5,0,0,0,0,0,0,50,-1482,0
163,1,0,0,0,0,0,0,45,0,0
163,2,0,0,0,0,0,0,45,-1635,1
163,3,0,0,0,0,0,0,45,-3147,0
163,4,0,0,0,0,0,0,45,-4174,1
163,5,0,0,0,0,0,0,45,-2058,0
164,1,8,1,0,0,0,0,55,0,0
164,2,0,0,0,0,0,0,55,-589,1
164,3,0,0,0,0,0,0,54,-904,0
164,4,0,0,0,0,0,0,54,-517,1
164,5,19,1,0,0,0,0,53,-378,0
165,1,90,11,1,1,0,2,75,0,0
165,2,90,9,1,1,0,2,76,377023,1
165,3,90,1,0,0,0,0,77,255757,0
165,4,90,12,1,1,0,3,77,296877,1
165,5,0,0,0,0,0,0,78,-487412,0
168,1,0,0,0,0,0,0,50,0,0
168,2,0,0,0,0,0,0,50,-3968,1
168,3,0,0,0,0,0,0,50,-10863,0
168,4,0,0,0,0,0,0,50,-8710,1
168,5,0,0,0,0,0,0,50,-4081,0
169,1,0,0,0,0,0,0,45,0,0
169,2,0,0,0,0,0,0,45,-1480,1
169,3,0,0,0,0,0,0,45,2681,0
169,4,0,0,0,0,0,0,45,1152,1
169,5,0,0,0,0,0,0,45,3579,0
170,1,0,0,0,0,0,0,50,0,0
170,2,0,0,0,0,0,0,50,-884,1
170,3,0,0,0,0,0,0,50,-539,0
170,4,0,0,0,0,0,0,50,-1425,1
170,5,0,0,0,0,0,0,50,-2659,0
200,1,90,6,0,1,0,0,60,0,0
200,2,90,1,0,0,0,0,60,18715,1
200,3,90,2,0,0,0,0,60,-117331,0
200,4,4,1,0,0,0,0,60,-19123,1
200,5,90,3,0,0,0,0,60,-111183,0
560,1,0,0,0,0,0,0,45,0,0
560,2,0,0,0,0,0,0,45,-370,1
560,3,0,0,0,0,0,0,45,-769,0
560,4,0,0,0,0,0,0,44,-482,1
560,5,0,0,0,0,0,0,44,76,0
561,1,0,0,0,0,0,0,45,0,0
561,2,0,0,0,0,0,0,45,-324,1
561,3,0,0,0,0,0,0,45,-49,0
561,4,0,0,0,0,0,0,45,10,1
561,5,0,0,0,0,0,0,45,-28,0
568,1,0,0,0,0,0,0,55,0,0
568,2,8,1,0,0,0,0,55,-1133,1
568,3,0,0,0,0,0,0,55,-1018,0
568,4,21,0,0,0,0,0,55,-591,1
568,5,86,2,0,0,0,0,54,-902,0
583,1,25,1,0,0,0,0,50,0,0
583,2,18,1,0,0,0,0,50,-1477,1
583,3,30,1,0,0,0,0,50,-3413,0
583,4,45,1,0,0,0,0,49,-1611,1
583,5,90,1,0,0,0,0,49,-1145,0
662,5,3,1,0,0,0,0,45,0,0
91,1,0,0,0,0,0,0,45,0,1
91,2,12,1,0,0,0,0,45,-397,1
91,3,90,3,0,0,0,0,45,-811,0
91,4,90,2,0,0,0,0,45,-82,1
91,5,90,8,0,0,1,0,45,-312,0
104,1,90,2,0,0,0,0,50,0,0
104,2,0,0,0,0,0,0,50,856,1
104,3,62,2,0,0,0,0,50,-3826,0
104,4,72,2,0,0,0,0,49,-1084,1
104,5,90,3,0,0,1,0,49,-1263,0
110,1,90,1,0,0,0,0,45,0,0
110,2,90,2,0,0,0,0,45,7259,1
110,3,90,2,0,0,0,0,45,-16015,0
110,4,90,0,0,0,0,0,45,-11337,1
110,5,90,11,0,1,1,2,45,-11924,0
171,1,0,0,0,0,0,0,40,0,0
171,2,0,0,0,0,0,0,40,-3777,1
171,3,0,0,0,0,0,0,40,-12005,0
171,4,0,0,0,0,0,0,40,-18083,1
171,5,0,0,0,0,0,0,40,-10379,0
172,1,0,0,0,0,0,0,45,0,0
172,2,0,0,0,0,0,0,45,-3213,1
172,3,0,0,0,0,0,0,45,-3942,0
172,4,0,0,0,0,0,0,45,-2072,1
172,5,0,0,0,0,0,0,44,-1300,0
173,1,90,3,0,0,0,0,40,0,0
173,2,77,8,0,0,1,2,40,14221,1
173,3,90,4,0,0,0,0,40,44441,0
173,4,90,0,0,0,0,0,40,70975,1
173,5,90,9,0,0,1,1,40,-45227,0
174,1,0,0,0,0,0,0,40,0,0
174,2,0,0,0,0,0,0,40,-4266,1
174,3,0,0,0,0,0,0,40,-9976,0
174,4,0,0,0,0,0,0,40,-10533,1
174,5,0,0,0,0,0,0,40,-5337,0
175,1,90,1,0,0,0,0,40,0,0
175,2,90,2,0,0,0,0,40,-15407,1
175,3,90,3,0,0,0,0,40,-80255,0
175,4,90,0,0,0,0,0,40,-106326,1
175,5,0,0,0,0,0,0,40,-100781,0
176,1,90,1,0,0,0,0,40,0,0
176,2,90,2,0,0,0,0,40,-830,1
176,3,84,2,0,0,0,0,40,-4522,0
176,4,90,0,0,0,0,0,40,-2321,1
176,5,90,15,1,0,1,3,40,-4010,0
177,1,0,0,0,0,0,0,40,0,0
177,2,0,0,0,0,0,0,40,-582,1
177,3,0,0,0,0,0,0,40,-1131,0
177,4,0,0,0,0,0,0,40,-596,1
177,5,0,0,0,0,0,0,40,-317,0
178,1,0,0,0,0,0,0,40,0,0
178,2,0,0,0,0,0,0,40,-238,1
178,3,0,0,0,0,0,0,40,-315,0
178,4,0,0,0,0,0,0,40,-160,1
178,5,0,0,0,0,0,0,40,-211,0
179,1,0,0,0,0,0,0,40,0,0
179,2,0,0,0,0,0,0,40,-260,1
179,3,0,0,0,0,0,0,40,-161,0
179,4,0,0,0,0,0,0,40,-101,1
179,5,1,1,0,0,0,0,40,-170,0
180,1,0,0,0,0,0,0,40,0,0
180,2,0,0,0,0,0,0,40,-1282,1
180,3,0,0,0,0,0,0,40,-2522,0
180,4,0,0,0,0,0,0,40,-1447,1
180,5,0,0,0,0,0,0,40,-1023,0
181,1,0,0,0,0,0,0,40,0,0
181,2,0,0,0,0,0,0,40,-82,1
181,3,0,0,0,0,0,0,40,-956,0
181,4,0,0,0,0,0,0,40,-477,1
181,5,0,0,0,0,0,0,40,-280,0
182,1,90,1,0,0,0,0,40,0,0
182,2,90,1,0,0,0,0,40,-1183,1
182,3,90,2,0,0,0,0,40,-4953,0
182,4,90,0,0,0,0,0,40,-2035,1
182,5,0,0,0,0,0,0,40,-7286,0
183,1,20,1,0,0,0,0,50,0,0
183,2,70,3,0,0,1,0,50,-49,1
183,3,62,2,0,0,0,0,50,-1863,0
183,4,72,2,0,0,0,0,50,-812,1
183,5,73,5,0,0,1,0,49,-1195,0
184,1,90,2,0,0,0,0,50,0,0
184,2,90,2,0,0,0,0,50,674,1
184,3,90,2,0,0,0,0,50,-3443,0
184,4,83,2,0,0,0,0,50,-2101,1
184,5,90,3,0,0,1,0,49,-1624,0
185,1,0,0,0,0,0,0,50,0,0
185,2,31,1,0,0,0,0,50,-1318,1
185,3,0,0,0,0,0,0,49,-1339,0
185,4,0,0,0,0,0,0,49,-975,1
185,5,0,0,0,0,0,0,48,-850,0
186,1,0,0,0,0,0,0,55,0,0
186,2,57,1,0,0,0,0,55,-1089,1
186,3,70,2,0,0,0,0,54,-1860,0
186,4,59,1,0,0,0,0,54,-780,1
186,5,45,1,0,0,0,0,54,-836,0
187,1,0,0,0,0,0,0,50,0,0
187,2,0,0,0,0,0,0,50,-230,1
187,3,0,0,0,0,0,0,49,30,0
187,4,0,0,0,0,0,0,49,-249,1
187,5,0,0,0,0,0,0,49,-314,0
188,1,28,1,0,0,0,0,55,0,0
188,2,19,1,0,0,0,0,55,-1275,1
188,3,0,0,0,0,0,0,54,-2872,0
188,4,6,1,0,0,0,0,54,-1542,1
188,5,0,0,0,0,0,0,54,-1090,0
189,1,0,0,0,0,0,0,45,0,0
189,2,0,0,0,0,0,0,45,-2158,1
189,3,0,0,0,0,0,0,45,-2042,0
189,4,0,0,0,0,0,0,45,-1700,1
189,5,0,0,0,0,0,0,44,-251,0
190,1,81,2,0,0,0,0,55,0,0
190,2,58,1,0,0,0,0,55,1311,1
190,3,27,1,0,0,0,0,55,-3624,0
190,4,0,0,0,0,0,0,54,-1390,1
190,5,45,1,0,0,0,0,54,-1058,0
191,1,0,0,0,0,0,0,45,0,0
191,2,0,0,0,0,0,0,45,-1193,1
191,3,0,0,0,0,0,0,45,-2425,0
191,4,0,0,0,0,0,0,45,-3328,1
191,5,0,0,0,0,0,0,45,-1935,0
192,1,0,0,0,0,0,0,45,0,0
192,2,0,0,0,0,0,0,45,-4618,1
192,3,0,0,0,0,0,0,45,-17623,0
192,4,0,0,0,0,0,0,45,-8343,1
192,5,0,0,0,0,0,0,45,-5803,0
193,1,0,0,0,0,0,0,55,0,0
193,2,0,0,0,0,0,0,55,-5318,1
193,3,0,0,0,0,0,0,54,-3102,0
193,4,0,0,0,0,0,0,54,-1789,1
193,5,0,0,0,0,0,0,54,-1150,0
194,1,69,2,0,0,0,0,50,0,0
194,2,32,1,0,0,0,0,50,6706,1
194,3,19,1,0,0,0,0,50,-1110,0
194,4,17,1,0,0,0,0,50,-1520,1
194,5,90,4,0,0,1,0,50,-4476,0
195,1,69,2,0,0,0,0,50,0,0
195,2,0,0,0,0,0,0,50,10333,1
195,3,19,1,0,0,0,0,50,-11944,0
195,4,0,0,0,0,0,0,50,-8583,1
195,5,16,1,0,0,0,0,50,-10520,0
196,1,0,0,0,0,0,0,50,0,0
196,2,0,0,0,0,0,0,50,-590,1
196,3,0,0,0,0,0,0,50,-296,0
196,4,0,0,0,0,0,0,50,-136,1
196,5,0,0,0,0,0,0,50,-105,0
197,1,0,0,0,0,0,0,45,0,0
197,2,0,0,0,0,0,0,45,-788,1
197,3,0,0,0,0,0,0,45,-548,0
197,4,0,0,0,0,0,0,45,-350,1
197,5,0,0,0,0,0,0,45,-273,0
492,1,20,1,0,0,0,0,55,0,0
492,2,90,2,0,0,0,0,55,-639,1
492,3,70,2,0,0,0,0,55,-13314,0
492,4,52,-2,0,0,0,0,55,-3108,1
492,5,0,0,0,0,0,0,55,-21461,0
575,1,61,1,0,0,0,0,50,0,0
575,2,70,3,0,0,1,0,50,-1578,1
575,3,27,1,0,0,0,0,50,-3438,0
575,4,17,1,0,0,0,0,49,-2489,1
575,5,90,3,0,0,1,0,49,-2510,0
584,1,8,1,0,0,0,0,55,0,0
584,2,19,1,0,0,0,0,55,-1042,1
584,3,5,1,0,0,0,0,55,-2126,0
584,4,0,0,0,0,0,0,54,-1142,1
584,5,0,0,0,0,0,0,54,-947,0
599,1,0,0,0,0,0,0,50,0,0
599,2,0,0,0,0,0,0,50,330,1
599,3,0,0,0,0,0,0,50,-134,0
599,4,30,1,0,0,0,0,50,-281,1
599,5,0,0,0,0,0,0,50,173,0
623,2,0,0,0,0,0,0,40,0,1
623,3,0,0,0,0,0,0,40,17253,0
623,4,0,0,0,0,0,0,40,25889,1
623,5,0,0,0,0,0,0,40,10344,0
655,4,0,0,0,0,0,0,55,58,1
655,5,0,0,0,0,0,0,55,91,0
656,4,0,0,0,0,0,0,40,2544,1
656,5,90,6,0,0,1,0,40,3967,0
42,1,27,1,0,0,0,0,55,0,0
42,2,27,1,0,0,0,0,55,-140,1
42,3,0,0,0,0,0,0,55,-422,0
42,4,0,0,0,0,0,0,55,-33,1
42,5,0,0,0,0,0,0,54,-483,0
153,1,0,0,0,0,0,0,45,0,0
153,2,16,1,0,0,0,0,45,-323,1
153,3,90,3,0,0,0,0,45,503,0
153,4,33,-3,0,0,0,0,45,4721,1
153,5,0,0,0,0,0,0,45,-5081,0
198,1,90,2,0,0,0,0,50,0,0
198,2,90,1,0,0,0,0,50,-7870,1
198,3,90,2,0,0,0,0,50,-3328,0
198,4,0,0,0,0,0,0,50,17128,1
198,5,0,0,0,0,0,0,50,-59712,0
199,1,0,0,0,0,0,0,45,0,0
199,2,0,0,0,0,0,0,45,-908,1
199,3,0,0,0,0,0,0,45,-646,0
199,4,90,2,0,0,0,0,45,-389,1
199,5,90,6,0,0,1,0,45,618,0
202,1,90,3,0,0,0,0,50,0,0
202,2,90,0,0,0,0,0,50,-2246,1
202,3,90,1,0,0,0,0,50,-5426,0
202,4,90,2,0,0,0,0,50,497,1
202,5,90,8,0,0,1,0,50,-7644,0
203,1,90,1,0,0,0,0,50,0,0
203,2,90,0,0,0,0,0,50,-3200,1
203,3,90,1,0,0,0,0,49,-4057,0
203,4,0,0,0,0,0,0,49,-1594,1
203,5,90,8,0,0,1,0,49,-4457,0
204,1,90,1,0,0,0,0,45,0,0
204,2,90,0,0,0,0,0,45,-44374,1
204,3,73,15,2,0,0,2,45,-68532,0
204,4,76,1,0,0,0,0,45,212978,1
204,5,90,7,0,0,1,1,45,-51939,0
205,1,0,0,0,0,0,0,45,0,0
205,2,0,0,0,0,0,0,45,-226,1
205,3,0,0,0,0,0,0,45,-594,0
205,4,0,0,0,0,0,0,45,-639,1
205,5,0,0,0,0,0,0,45,-274,0
206,1,72,1,0,0,0,0,45,0,0
206,2,0,0,0,0,0,0,45,-2523,1
206,3,0,0,0,0,0,0,44,-1423,0
206,4,0,0,0,0,0,0,44,-651,1
206,5,0,0,0,0,0,0,44,-330,0
207,1,0,0,0,0,0,0,45,0,0
207,2,15,1,0,0,0,0,45,-1081,1
207,3,1,1,0,0,0,0,44,-541,0
207,4,0,0,0,0,0,0,44,-316,1
207,5,0,0,0,0,0,0,44,-708,0
208,1,0,0,0,0,0,0,65,0,0
208,2,0,0,0,0,0,0,64,-204476,1
208,3,0,0,0,0,0,0,63,-118099,0
208,4,0,0,0,0,0,0,63,-36877,1
208,5,8,1,0,0,0,0,62,-10945,0
210,1,90,4,0,0,0,0,55,0,0
210,2,90,2,0,0,0,0,55,-1090,1
210,3,90,2,0,0,0,0,55,-3644,0
210,4,76,2,0,0,0,0,55,-1801,1
210,5,90,2,0,0,1,0,55,-9048,0
211,1,35,1,0,0,0,0,55,0,0
211,2,67,5,0,1,0,0,55,-2144,1
211,3,88,5,0,1,0,0,55,2869,0
211,4,36,1,0,0,0,0,55,27655,1
211,5,81,2,0,0,1,0,55,-12233,0
212,1,0,0,0,0,0,0,45,0,0
212,2,0,0,0,0,0,0,45,-69998,1
212,3,16,1,0,0,0,0,45,-96023,0
212,4,13,1,0,0,0,0,45,-87271,1
212,5,0,0,0,0,0,0,44,-71924,0
213,1,0,0,0,0,0,0,50,0,0
213,2,0,0,0,0,0,0,50,-1246,1
213,3,0,0,0,0,0,0,49,-1246,0
213,4,6,1,0,0,0,0,49,-806,1
213,5,45,0,0,0,0,0,49,-677,0
214,1,90,3,0,0,0,0,50,0,0
214,2,90,2,0,0,0,0,50,-1150,1
214,3,88,5,0,1,0,0,50,-259,0
214,4,83,8,0,2,0,0,50,11985,1
214,5,90,3,0,0,1,0,50,14554,0
215,1,0,0,0,0,0,0,50,0,0
215,2,0,0,0,0,0,0,50,-107,1
215,3,0,0,0,0,0,0,50,-275,0
215,4,0,0,0,0,0,0,50,-276,1
215,5,0,0,0,0,0,0,50,-124,0
216,1,0,0,0,0,0,0,50,0,0
216,2,0,0,0,0,0,0,50,-379,1
216,3,0,0,0,0,0,0,50,-965,0
216,4,0,0,0,0,0,0,50,-963,1
216,5,0,0,0,0,0,0,50,-405,0
217,1,0,0,0,0,0,0,50,0,0
217,2,0,0,0,0,0,0,50,-697,1
217,3,0,0,0,0,0,0,49,-173,0
217,4,0,0,0,0,0,0,49,-730,1
217,5,0,0,0,0,0,0,49,-675,0
218,1,0,0,0,0,0,0,50,0,0
218,2,0,0,0,0,0,0,50,-811,1
218,3,0,0,0,0,0,0,49,-336,0
218,4,0,0,0,0,0,0,49,-468,1
218,5,0,0,0,0,0,0,49,-576,0
219,1,0,0,0,0,0,0,50,0,0
219,2,0,0,0,0,0,0,50,-51,1
219,3,0,0,0,0,0,0,50,-60,0
219,4,0,0,0,0,0,0,49,-85,1
219,5,0,0,0,0,0,0,49,-101,0
220,1,0,0,0,0,0,0,45,0,0
220,2,0,0,0,0,0,0,45,-65,1
220,3,0,0,0,0,0,0,45,-39,0
220,4,0,0,0,0,0,0,45,-13,1
220,5,0,0,0,0,0,0,45,-8,0
221,1,0,0,0,0,0,0,45,0,0
221,2,0,0,0,0,0,0,45,-589,1
221,3,0,0,0,0,0,0,45,-252,0
221,4,0,0,0,0,0,0,45,-226,1
221,5,0,0,0,0,0,0,45,-630,0
222,1,27,1,0,0,0,0,60,0,0
222,2,62,2,0,0,0,0,60,-6261,1
222,3,45,1,0,0,0,0,60,-981,0
222,4,83,8,1,0,0,2,60,11360,1
222,5,81,2,0,0,1,0,60,4053,0
223,1,62,2,0,0,0,0,65,0,0
223,2,0,0,0,0,0,0,65,-48482,1
223,3,0,0,0,0,0,0,64,-269301,0
223,4,0,0,0,0,0,0,64,-72649,1
223,5,0,0,0,0,0,0,63,-29302,0
224,1,55,1,0,0,0,0,55,0,0
224,2,67,2,0,0,0,0,55,-2517,1
224,3,45,4,0,1,0,0,55,3590,0
224,4,0,0,0,0,0,0,55,20214,1
224,5,8,1,0,0,0,0,55,-21953,0
225,1,0,0,0,0,0,0,50,0,0
225,2,0,0,0,0,0,0,50,0,1
225,3,0,0,0,0,0,0,50,0,0
225,4,0,0,0,0,0,0,50,0,1
225,5,0,0,0,0,0,0,50,0,0
241,1,62,2,0,0,0,0,55,0,0
241,2,22,1,0,0,0,0,55,-1356,1
241,3,0,0,0,0,0,0,55,-1942,0
241,4,0,0,0,0,0,0,54,-1350,1
241,5,0,0,0,0,0,0,54,-1374,0
555,1,0,0,0,0,0,0,40,0,0
555,2,0,0,0,0,0,0,40,-290,1
555,3,0,0,0,0,0,0,40,-1097,0
555,4,0,0,0,0,0,0,40,-2537,1
555,5,0,0,0,0,0,0,40,-2332,0
577,1,18,1,0,0,0,0,45,0,0
577,2,73,1,0,0,0,0,45,-1838,1
577,3,0,0,0,0,0,0,45,-2052,0
577,4,53,0,0,0,0,0,45,-2574,1
577,5,45,1,0,0,0,0,44,-2327,0
588,1,35,1,0,0,0,0,50,0,0
588,2,74,2,0,0,0,0,50,-365,1
588,3,90,3,0,0,0,0,50,2499,0
588,4,90,7,1,0,0,0,50,17022,1
588,5,90,6,0,0,1,0,50,-717,0
595,1,0,0,0,0,0,0,50,0,0
595,2,22,1,0,0,0,0,50,-72,1
595,3,0,0,0,0,0,0,50,-66,0
595,4,6,1,0,0,0,0,50,-88,1
595,5,0,0,0,0,0,0,50,-117,0
633,3,0,0,0,0,0,0,45,185,0
633,4,90,3,0,0,0,0,45,668,1
633,5,0,0,0,0,0,0,45,470,0
643,3,16,7,1,0,0,0,45,679,0
643,4,13,1,0,0,0,0,45,32853,1
643,5,0,0,0,0,0,0,45,-6188,0
644,3,73,2,0,0,0,0,50,556,0
644,4,90,4,0,0,0,0,50,1293,1
644,5,90,3,0,0,1,0,50,782,0
647,3,1,1,0,0,0,0,55,411,0
647,4,0,0,0,0,0,0,55,263,1
647,5,0,0,0,0,0,0,55,-91,0
21,1,0,0,0,0,0,0,50,0,1
21,2,0,0,0,0,0,0,50,-2764,0
21,3,0,0,0,0,0,0,49,-1962,1
21,4,0,0,0,0,0,0,49,-1199,0
21,5,0,0,0,0,0,0,49,-737,1
209,1,6,1,0,0,0,0,60,0,1
209,2,28,1,0,0,0,0,60,-1848,0
209,3,65,1,0,0,0,0,59,-2691,1
209,4,74,3,0,0,1,0,59,-1128,0
209,5,65,3,0,0,1,0,59,847,1
226,1,90,7,0,0,1,0,55,0,1
226,2,90,3,0,0,0,0,55,35349,0
226,3,90,1,0,0,0,0,55,-25446,1
226,4,90,6,0,0,1,0,55,792,0
226,5,90,8,0,0,1,1,55,36703,1
227,1,0,0,0,0,0,0,50,0,1
227,2,0,0,0,0,0,0,50,-113,0
227,3,0,0,0,0,0,0,50,-276,1
227,4,0,0,0,0,0,0,50,-29,0
227,5,0,0,0,0,0,0,50,114,1
228,1,0,0,0,0,0,0,45,0,1
228,2,0,0,0,0,0,0,45,-136,0
228,3,0,0,0,0,0,0,45,-211,1
228,4,0,0,0,0,0,0,45,-100,0
228,5,0,0,0,0,0,0,45,-53,1
229,1,90,6,0,0,1,0,60,0,1
229,2,90,12,1,0,0,2,60,5670,0
229,3,90,3,0,0,0,0,60,126081,1
229,4,90,8,0,0,1,2,60,71807,0
229,5,90,14,0,1,1,3,61,243664,1
230,1,90,6,0,0,1,0,55,0,1
230,2,90,4,0,0,0,0,55,10185,0
230,3,90,3,0,0,0,0,55,-5884,1
230,4,90,6,0,0,1,0,55,14503,0
230,5,90,8,0,0,1,0,55,36903,1
231,1,0,0,0,0,0,0,50,0,1
231,2,0,0,0,0,0,0,50,-21625,0
231,3,0,0,0,0,0,0,49,-30710,1
231,4,0,0,0,0,0,0,49,-15433,0
231,5,0,0,0,0,0,0,48,-10126,1
232,1,0,0,0,0,0,0,50,0,1
232,2,0,0,0,0,0,0,50,-6326,0
232,3,0,0,0,0,0,0,49,-7511,1
232,4,15,1,0,0,0,0,49,-3863,0
232,5,1,1,0,0,0,0,49,-1516,1
233,1,90,6,0,0,1,0,45,0,1
233,2,90,4,0,0,0,0,45,12714,0
233,3,90,1,0,0,0,0,45,13864,1
233,4,90,11,0,0,1,3,45,33677,0
233,5,90,5,0,0,1,0,45,214484,1
234,1,0,0,0,0,0,0,45,0,1
234,2,0,0,0,0,0,0,45,-162,0
234,3,0,0,0,0,0,0,45,-715,1
234,4,0,0,0,0,0,0,45,-744,0
234,5,0,0,0,0,0,0,45,-321,1
235,1,0,0,0,0,0,0,40,0,1
235,2,0,0,0,0,0,0,40,-679,0
235,3,0,0,0,0,0,0,40,-3462,1
235,4,0,0,0,0,0,0,40,-3078,0
235,5,0,0,0,0,0,0,40,-1647,1
236,1,90,11,1,0,1,3,65,0,1
236,2,90,2,0,0,0,0,65,105696,0
236,3,90,2,0,0,0,0,65,-32072,1
236,4,90,2,0,0,1,0,65,41220,0
236,5,90,3,0,0,1,0,65,156556,1
238,1,8,1,0,0,0,0,65,0,1
238,2,0,0,0,0,0,0,65,-1201,0
238,3,24,1,0,0,0,0,65,3989,1
238,4,25,1,0,0,0,0,65,9697,0
238,5,78,3,0,0,1,0,65,4275,1
239,1,11,1,0,0,0,0,60,0,1
239,2,61,1,0,0,0,0,60,-116,0
239,3,76,2,0,0,0,0,60,-336,1
239,4,90,4,0,0,1,0,60,-1024,0
239,5,90,3,0,0,1,0,60,9028,1
242,1,83,3,0,0,1,0,55,0,1
242,2,61,2,0,0,0,0,55,-209,0
242,3,90,10,1,0,0,3,55,-3040,1
242,4,64,3,0,0,1,0,55,36647,0
242,5,11,1,0,0,0,0,55,39603,1
243,1,1,1,0,0,0,0,50,0,1
243,2,4,0,0,0,0,0,50,-385,0
243,3,0,0,0,0,0,0,50,-1124,1
243,4,0,0,0,0,0,0,49,-731,0
243,5,0,0,0,0,0,0,49,-492,1
244,1,90,8,0,1,1,0,50,0,1
244,2,86,2,0,0,0,0,50,10319,0
244,3,90,1,0,0,0,0,50,12190,1
244,4,90,3,0,0,1,0,50,4105,0
244,5,90,2,0,0,1,0,50,-2908,1
245,1,0,0,0,0,0,0,55,0,1
245,2,0,0,0,0,0,0,55,-550,0
245,3,0,0,0,0,0,0,54,-512,1
245,4,0,0,0,0,0,0,54,-295,0
245,5,24,1,0,0,0,0,54,-87,1
246,1,90,3,0,0,1,0,50,0,1
246,2,85,2,0,0,0,0,50,-118,0
246,3,74,1,0,0,0,0,50,-587,1
246,4,0,0,0,0,0,0,50,-469,0
246,5,0,0,0,0,0,0,49,-971,1
247,1,78,3,0,0,1,0,55,0,1
247,2,28,1,0,0,0,0,55,-2358,0
247,3,15,4,0,1,0,0,55,-3215,1
247,4,15,1,0,0,0,0,55,-480,0
247,5,1,1,0,0,0,0,55,-1236,1
248,1,11,1,0,0,0,0,55,0,1
248,2,20,1,0,0,0,0,55,-35102,0
248,3,0,0,0,0,0,0,54,-73618,1
248,4,0,0,0,0,0,0,54,-62064,0
248,5,0,0,0,0,0,0,54,-25316,1
249,1,78,8,1,0,1,2,55,0,1
249,2,69,2,0,0,0,0,55,127837,0
249,3,90,2,0,0,0,0,55,104566,1
249,4,90,2,0,0,1,0,56,153695,0
249,5,90,6,1,0,1,0,56,177881,1
649,3,13,7,1,0,0,0,45,431,1
649,4,74,6,0,0,1,0,45,14703,0
649,5,90,8,0,0,1,2,45,48006,1
654,3,0,0,0,0,0,0,45,0,1
654,4,0,0,0,0,0,0,45,7400,0
654,5,0,0,0,0,0,0,45,-659,1
250,1,90,2,0,0,0,0,45,0,1
250,2,90,3,0,0,0,0,45,645,0
250,3,90,1,0,0,0,0,45,14483,1
250,4,90,9,0,0,1,2,45,-15234,0
250,5,90,3,0,0,0,0,45,19961,1
251,1,0,0,0,0,0,0,40,0,1
251,2,0,0,0,0,0,0,40,-2636,0
251,3,0,0,0,0,0,0,40,1599,1
251,4,0,0,0,0,0,0,40,981,0
251,5,0,0,0,0,0,0,40,-651,1
252,1,0,0,0,0,0,0,40,0,1
252,2,0,0,0,0,0,0,40,185,0
252,3,0,0,0,0,0,0,40,-805,1
252,4,0,0,0,0,0,0,40,-1879,0
252,5,0,0,0,0,0,0,40,-908,1
253,1,0,0,0,0,0,0,50,0,1
253,2,90,1,0,0,0,0,50,1684,0
253,3,90,1,0,0,0,0,50,3704,1
253,4,0,0,0,0,0,0,50,-1378,0
253,5,10,1,0,0,0,0,50,-246,1
254,1,81,1,0,0,0,0,45,0,1
254,2,90,2,0,0,0,0,45,1752,0
254,3,78,1,0,0,0,0,45,-2176,1
254,4,90,6,0,0,1,0,45,-21356,0
254,5,90,2,0,0,0,0,45,290,1
255,1,90,3,0,0,0,0,45,0,1
255,2,0,0,0,0,0,0,45,522,0
255,3,0,0,0,0,0,0,45,-183,1
255,4,0,0,0,0,0,0,45,-509,0
255,5,0,0,0,0,0,0,45,-243,1
256,1,0,0,0,0,0,0,45,0,1
256,2,0,0,0,0,0,0,45,-1723,0
256,3,0,0,0,0,0,0,45,-2586,1
256,4,27,0,0,0,0,0,44,-2058,0
256,5,0,0,0,0,0,0,44,-1747,1
257,1,90,0,0,0,0,0,45,0,1
257,2,90,2,0,0,0,0,45,821,0
257,3,90,1,0,0,0,0,45,224,1
257,4,90,6,0,0,1,0,45,-7922,0
257,5,90,6,0,1,0,1,45,-255,1
258,1,90,6,0,2,0,0,45,0,1
258,2,67,6,0,0,1,0,45,9481,0
258,3,90,1,0,0,0,0,45,33375,1
258,4,71,6,0,0,1,0,45,-11458,0
258,5,90,1,0,0,0,0,45,6515,1
261,1,90,2,0,0,0,0,55,0,1
261,2,90,2,0,0,0,0,55,-3301,0
261,3,82,2,0,0,0,0,55,-9517,1
261,4,76,3,0,0,1,0,54,-14119,0
261,5,70,5,0,0,1,2,54,-6504,1
262,1,0,0,0,0,0,0,55,0,1
262,2,14,1,0,0,0,0,55,-3334,0
262,3,11,1,0,0,0,0,55,-5101,1
262,4,13,1,0,0,0,0,54,-4117,0
262,5,0,0,0,0,0,0,54,-2909,1
263,1,17,1,0,0,0,0,55,0,1
263,2,7,1,0,0,0,0,55,-443,0
263,3,0,0,0,0,0,0,54,-789,1
263,4,18,1,0,0,0,0,54,-826,0
263,5,19,1,0,0,0,0,53,-75,1
264,1,66,2,0,0,0,0,55,0,1
264,2,67,3,0,0,1,0,55,1523,0
264,3,78,2,0,0,0,0,55,-1360,1
264,4,62,3,0,0,1,0,55,-4132,0
264,5,70,3,0,0,1,0,55,-1134,1
265,1,72,2,0,0,0,0,50,0,1
265,2,82,2,0,0,0,0,50,-1868,0
265,3,29,1,0,0,0,0,50,-3309,1
265,4,90,3,0,0,1,0,49,-4295,0
265,5,76,3,0,0,1,0,49,-1553,1
266,1,0,0,0,0,0,0,50,0,1
266,2,0,0,0,0,0,0,50,-103,0
266,3,0,0,0,0,0,0,50,-58,1
266,4,0,0,0,0,0,0,50,-3,0
266,5,0,0,0,0,0,0,49,-46,1
268,1,90,7,1,0,0,0,55,0,1
268,2,90,2,0,0,0,0,55,30519,0
268,3,90,10,1,0,0,3,55,9662,1
268,4,76,3,0,0,1,0,55,47115,0
268,5,79,2,0,0,1,0,55,78271,1
269,1,17,1,0,0,0,0,45,0,1
269,2,22,1,0,0,0,0,45,-2055,0
269,3,11,1,0,0,0,0,45,-3956,1
269,4,0,0,0,0,0,0,44,-4182,0
269,5,0,0,0,0,0,0,44,-5062,1
270,1,0,0,0,0,0,0,45,0,1
270,2,0,0,0,0,0,0,45,-8921,0
270,3,0,0,0,0,0,0,45,-11001,1
270,4,0,0,0,0,0,0,45,-12381,0
270,5,0,0,0,0,0,0,44,-430,1
271,1,8,1,0,0,0,0,55,0,1
271,2,0,0,0,0,0,0,55,-4078,0
271,3,7,1,0,0,0,0,55,-6919,1
271,4,13,1,0,0,0,0,54,-4272,0
271,5,10,0,0,0,0,0,54,-2843,1
272,1,0,0,0,0,0,0,45,0,1
272,2,0,0,0,0,0,0,45,-20589,0
272,3,0,0,0,0,0,0,45,-11359,1
272,4,0,0,0,0,0,0,45,-45728,0
272,5,0,0,0,0,0,0,45,-40658,1
569,1,90,6,1,0,0,0,60,0,1
569,2,90,2,0,0,0,0,60,135011,0
569,3,90,2,0,0,0,0,60,49426,1
569,4,76,2,0,0,1,0,60,-70216,0
569,5,79,2,0,0,1,0,60,-31297,1
570,1,72,2,0,0,0,0,55,0,1
570,2,75,1,0,0,0,0,55,-874,0
570,3,60,8,1,0,0,1,55,-2344,1
570,4,0,0,0,0,0,0,55,-683,0
570,5,19,1,0,0,0,0,54,-456,1
580,1,23,1,0,0,0,0,50,0,1
580,2,22,1,0,0,0,0,50,-449,0
580,3,78,2,0,0,0,0,50,-910,1
580,4,90,5,0,0,1,0,50,-636,0
580,5,90,4,0,0,0,0,50,49,1
610,1,0,0,0,0,0,0,40,0,1
610,2,0,0,0,0,0,0,40,2577,0
610,3,0,0,0,0,0,0,40,382,1
610,4,0,0,0,0,0,0,40,-750,0
610,5,0,0,0,0,0,0,40,-1168,1
626,2,0,0,0,0,0,0,45,0,0
626,3,0,0,0,0,0,0,45,17179,1
626,4,0,0,0,0,0,0,45,4635,0
626,5,0,0,0,0,0,0,45,-3861,1
635,3,11,1,0,0,0,0,50,261,1
635,4,13,1,0,0,0,0,50,185,0
635,5,13,1,0,0,0,0,50,66,1
636,3,0,0,0,0,0,0,50,106,1
636,4,0,0,0,0,0,0,50,79,0
636,5,0,0,0,0,0,0,50,10,1
650,3,0,0,0,0,0,0,45,177,1
650,4,90,8,0,0,1,0,45,172,0
650,5,90,4,0,0,0,0,45,1907,1
240,1,0,0,0,0,0,0,50,0,1
240,2,4,1,0,0,0,0,50,-327,0
240,3,0,0,0,0,0,0,50,122,1
240,4,21,0,0,0,0,0,50,128,0
240,5,45,1,0,0,0,0,50,101,0
273,1,0,0,0,0,0,0,40,0,1
273,2,0,0,0,0,0,0,40,-3979,0
273,3,0,0,0,0,0,0,40,-1922,1
273,4,0,0,0,0,0,0,40,-1217,0
273,5,0,0,0,0,0,0,40,-1640,0
274,1,0,0,0,0,0,0,45,0,1
274,2,0,0,0,0,0,0,45,-1614,0
274,3,0,0,0,0,0,0,45,-1301,1
274,4,0,0,0,0,0,0,45,-669,0
274,5,0,0,0,0,0,0,45,-460,0
275,1,0,0,0,0,0,0,40,0,1
275,2,0,0,0,0,0,0,40,-111,0
275,3,0,0,0,0,0,0,40,-83,1
275,4,0,0,0,0,0,0,40,-67,0
275,5,0,0,0,0,0,0,40,-41,0
276,1,0,0,0,0,0,0,40,0,1
276,2,0,0,0,0,0,0,40,-383,0
276,3,0,0,0,0,0,0,40,-272,1
276,4,0,0,0,0,0,0,40,-204,0
276,5,0,0,0,0,0,0,40,-135,0
277,1,90,8,0,0,1,0,40,0,1
277,2,90,9,0,0,1,1,40,31730,0
277,3,90,6,0,0,1,0,40,278040,1
277,4,90,2,0,0,0,0,41,150184,0
277,5,77,1,0,0,0,0,41,76284,0
278,1,0,0,0,0,0,0,40,0,1
278,2,0,0,0,0,0,0,40,-2221,0
278,3,0,0,0,0,0,0,40,-1682,1
278,4,0,0,0,0,0,0,40,-1016,0
278,5,0,0,0,0,0,0,39,9741,0
279,1,63,14,1,0,1,2,40,0,1
279,2,90,6,0,0,1,0,40,63813,0
279,3,90,5,0,0,1,0,41,562671,1
279,4,90,1,0,0,0,0,42,271450,0
279,5,90,1,0,0,0,0,42,162949,0
280,1,69,6,0,0,1,0,40,0,1
280,2,45,0,0,0,0,0,40,-2458,0
280,3,63,6,0,0,1,0,40,-8654,1
280,4,81,1,0,0,0,0,40,5360,0
280,5,90,1,0,0,0,0,40,7516,0
281,1,20,1,0,0,0,0,40,0,1
281,2,45,1,0,0,0,0,40,695,0
281,3,0,0,0,0,0,0,40,-663,1
281,4,0,0,0,0,0,0,40,-1503,0
281,5,0,0,0,0,0,0,40,-664,0
282,1,84,6,0,0,1,0,40,0,1
282,2,90,6,0,0,1,0,40,8701,0
282,3,90,8,0,0,1,2,40,18469,1
282,4,90,4,0,1,0,0,40,58990,0
282,5,90,0,0,0,0,0,40,118366,0
283,1,0,0,0,0,0,0,40,0,1
283,2,0,0,0,0,0,0,40,-171,0
283,3,0,0,0,0,0,0,40,-153,1
283,4,0,0,0,0,0,0,40,-125,0
283,5,0,0,0,0,0,0,40,-94,0
284,1,0,0,0,0,0,0,40,0,1
284,2,0,0,0,0,0,0,40,-284,0
284,3,0,0,0,0,0,0,40,295,1
284,4,0,0,0,0,0,0,40,-54,0
284,5,0,0,0,0,0,0,40,425,0
285,1,26,1,0,0,0,0,40,0,1
285,2,0,0,0,0,0,0,40,-44,0
285,3,0,0,0,0,0,0,40,-491,1
285,4,0,0,0,0,0,0,40,-629,0
285,5,0,0,0,0,0,0,40,-192,0
286,1,90,3,0,0,1,0,50,0,1
286,2,82,6,0,1,1,0,50,9859,0
286,3,81,5,0,0,1,0,50,16123,1
286,4,59,13,2,0,0,2,50,14908,0
286,5,82,4,0,1,0,0,51,329008,0
287,1,19,0,0,0,0,0,50,0,1
287,2,31,6,1,0,0,0,50,-682,0
287,3,0,0,0,0,0,0,50,140,1
287,4,0,0,0,0,0,0,50,-2492,0
287,5,0,0,0,0,0,0,50,-1008,0
288,1,0,0,0,0,0,0,45,0,1
288,2,0,0,0,0,0,0,45,-2542,0
288,3,0,0,0,0,0,0,45,-165,1
288,4,0,0,0,0,0,0,45,-2198,0
288,5,0,0,0,0,0,0,45,-2921,0
289,1,90,2,0,0,1,0,45,0,1
289,2,0,0,0,0,0,0,45,4451,0
289,3,0,0,0,0,0,0,45,-12365,1
289,4,68,1,0,0,0,0,45,-6726,0
289,5,45,0,0,0,0,0,45,-2230,0
290,1,90,6,0,1,1,0,45,0,1
290,2,90,2,0,0,1,0,45,69997,0
290,3,90,3,0,0,1,0,45,91326,1
290,4,90,2,0,0,0,0,45,81497,0
290,5,77,2,0,0,0,0,45,-886,0
291,1,0,0,0,0,0,0,45,0,1
291,2,0,0,0,0,0,0,45,-32,0
291,3,0,0,0,0,0,0,45,-33,1
291,4,0,0,0,0,0,0,45,1,0
291,5,0,0,0,0,0,0,45,-23,0
292,1,0,0,0,0,0,0,50,0,1
292,2,0,0,0,0,0,0,50,-178,0
292,3,0,0,0,0,0,0,49,-131,1
292,4,0,0,0,0,0,0,49,-30,0
292,5,0,0,0,0,0,0,49,-24,0
293,1,0,0,0,0,0,0,50,0,1
293,2,0,0,0,0,0,0,50,-197,0
293,3,0,0,0,0,0,0,50,-96,1
293,4,0,0,0,0,0,0,50,-47,0
293,5,0,0,0,0,0,0,50,-22,0
294,1,0,0,0,0,0,0,45,0,1
294,2,0,0,0,0,0,0,45,-1658,0
294,3,0,0,0,0,0,0,45,-1263,1
294,4,0,0,0,0,0,0,45,258,0
294,5,0,0,0,0,0,0,45,63,0
295,1,90,5,0,1,1,0,55,0,1
295,2,90,1,0,0,1,0,55,66700,0
295,3,90,2,0,0,1,0,55,-9368,1
295,4,81,4,0,1,0,0,55,-18516,0
295,5,90,1,0,0,0,0,55,6823,0
296,1,0,0,0,0,0,0,50,0,1
296,2,0,0,0,0,0,0,50,-26,0
296,3,0,0,0,0,0,0,50,-67,1
296,4,0,0,0,0,0,0,50,-603,0
296,5,0,0,0,0,0,0,50,-1213,0
297,1,0,0,0,0,0,0,45,0,1
297,2,0,0,0,0,0,0,45,-462,0
297,3,0,0,0,0,0,0,45,-302,1
297,4,0,0,0,0,0,0,45,-159,0
297,5,0,0,0,0,0,0,45,-156,0
298,1,0,0,0,0,0,0,45,0,1
298,2,0,0,0,0,0,0,45,-8866,0
298,3,0,0,0,0,0,0,45,-5574,1
298,4,0,0,0,0,0,0,45,-3752,0
298,5,0,0,0,0,0,0,45,-2761,0
299,1,0,0,0,0,0,0,45,0,1
299,2,0,0,0,0,0,0,45,-1210,0
299,3,0,0,0,0,0,0,45,-778,1
299,4,0,0,0,0,0,0,45,-497,0
299,5,0,0,0,0,0,0,45,-365,0
340,1,0,0,0,0,0,0,50,0,1
340,2,0,0,0,0,0,0,50,-243,0
340,3,0,0,0,0,0,0,50,-124,1
340,4,0,0,0,0,0,0,50,22,0
340,5,7,1,0,0,0,0,50,48,0
556,1,5,1,0,0,0,0,40,0,1
556,2,0,0,0,0,0,0,40,-10048,0
556,3,0,0,0,0,0,0,40,-12694,1
556,4,0,0,0,0,0,0,40,-14007,0
556,5,0,0,0,0,0,0,40,-15803,0
563,1,0,0,0,0,0,0,50,0,1
563,2,45,1,0,0,0,0,50,-210,0
563,3,0,0,0,0,0,0,50,104,1
563,4,0,0,0,0,0,0,50,-369,0
563,5,0,0,0,0,0,0,50,-418,0
572,1,90,10,0,0,1,3,45,0,1
572,2,90,10,0,0,1,3,45,89555,0
572,3,90,6,0,0,1,0,46,306909,1
572,4,90,2,0,0,0,0,46,171110,0
572,5,90,6,0,0,0,0,46,108104,0
574,1,0,0,0,0,0,0,50,0,1
574,2,0,0,0,0,0,0,50,-662,0
574,3,8,1,0,0,0,0,50,-1139,1
574,4,0,0,0,0,0,0,49,-421,0
574,5,0,0,0,0,0,0,49,-537,0
576,1,70,3,0,0,1,0,50,0,1
576,2,58,0,0,0,0,0,50,833,0
576,3,62,3,0,0,1,0,50,-916,1
576,4,59,1,0,0,0,0,50,-410,0
576,5,0,0,0,0,0,0,50,-208,0
585,1,26,1,0,0,0,0,40,0,1
585,2,31,1,0,0,0,0,40,-831,0
585,3,19,1,0,0,0,0,40,-1665,1
585,4,31,1,0,0,0,0,40,-2456,0
585,5,90,1,0,0,0,0,40,-136,0
586,1,63,15,1,0,1,1,40,0,1
586,2,58,1,0,0,0,0,40,160120,0
586,3,70,8,0,0,1,0,40,98035,1
586,4,58,1,0,0,0,0,41,246029,0
586,5,0,0,0,0,0,0,41,-152875,0
589,1,0,0,0,0,0,0,50,0,1
589,2,45,1,0,0,0,0,50,-178,0
589,3,81,2,0,0,1,0,50,-134,1
589,4,0,0,0,0,0,0,50,-111,0
589,5,12,1,0,0,0,0,50,-143,0
617,2,7,1,0,0,0,0,50,23,0
617,3,8,1,0,0,0,0,50,482,1
617,4,30,1,0,0,0,0,50,147,0
617,5,27,6,1,0,0,0,50,172,0
632,3,0,0,0,0,0,0,50,2012,1
632,4,0,0,0,0,0,0,50,1122,0
632,5,0,0,0,0,0,0,50,-1167,0
637,3,0,0,0,0,0,0,50,1405,1
637,4,8,1,0,0,0,0,50,2411,0
637,5,12,1,0,0,0,0,50,3868,0
638,3,26,1,0,0,0,0,40,5681,1
638,4,8,0,0,0,0,0,40,10672,0
638,5,0,0,0,0,0,0,40,1437,0
642,3,27,1,0,0,0,0,55,388,1
642,4,30,1,0,0,0,0,55,606,0
642,5,62,2,0,0,0,0,55,761,0
645,3,0,0,0,0,0,0,50,186,1
645,4,0,0,0,0,0,0,50,180,0
645,5,0,0,0,0,0,0,50,100,0
259,1,90,2,0,0,0,0,40,0,1
259,2,90,2,0,0,0,0,40,-44411,0
259,3,90,3,0,0,0,0,40,-81636,1
259,4,90,1,0,0,0,0,40,-104266,0
259,5,90,4,0,0,0,0,40,-93272,0
267,1,90,5,0,1,0,0,50,0,1
267,2,72,1,0,0,0,0,50,-167,0
267,3,90,2,0,0,0,0,50,-997,1
267,4,76,1,0,0,0,0,50,-645,0
267,5,72,2,0,0,0,0,50,-916,0
300,1,0,0,0,0,0,0,45,0,1
300,2,0,0,0,0,0,0,45,-4363,0
300,3,0,0,0,0,0,0,45,-4114,1
300,4,0,0,0,0,0,0,44,-2408,0
300,5,90,2,0,0,0,0,44,-1343,0
301,1,0,0,0,0,0,0,40,0,1
301,2,0,0,0,0,0,0,40,-9662,0
301,3,0,0,0,0,0,0,40,-1187,1
301,4,0,0,0,0,0,0,40,-8837,0
301,5,0,0,0,0,0,0,40,-10957,0
302,1,0,0,0,0,0,0,40,0,1
302,2,0,0,0,0,0,0,40,140,0
302,3,0,0,0,0,0,0,40,3716,1
302,4,0,0,0,0,0,0,40,11691,0
302,5,0,0,0,0,0,0,40,611,0
303,1,0,0,0,0,0,0,40,0,1
303,2,0,0,0,0,0,0,40,-4615,0
303,3,0,0,0,0,0,0,40,-4792,1
303,4,0,0,0,0,0,0,40,-3541,0
303,5,0,0,0,0,0,0,39,32822,0
304,1,90,4,0,0,0,0,40,0,1
304,2,90,0,0,0,0,0,40,1655,0
304,3,90,3,0,0,0,0,40,-15021,1
304,4,90,1,0,0,0,0,40,-22365,0
304,5,90,2,0,0,0,0,40,-14193,0
305,1,90,2,0,0,0,0,40,0,1
305,2,90,6,1,0,0,0,40,-13968,0
305,3,90,1,0,0,0,0,40,22917,1
305,4,90,14,1,2,0,1,40,-14896,0
305,5,90,2,0,0,0,0,40,168534,0
306,1,90,2,0,0,0,0,40,0,1
306,2,90,-1,0,0,0,0,40,-4475,0
306,3,90,1,0,0,0,0,40,-8595,1
306,4,87,1,0,0,0,0,40,-7666,0
306,5,0,0,0,0,0,0,40,-6269,0
307,1,0,0,0,0,0,0,40,0,1
307,2,0,0,0,0,0,0,40,-595,0
307,3,0,0,0,0,0,0,40,-658,1
307,4,0,0,0,0,0,0,40,-2380,0
307,5,0,0,0,0,0,0,40,-1177,0
308,1,0,0,0,0,0,0,40,0,1
308,2,17,1,0,0,0,0,40,-4147,0
308,3,0,0,0,0,0,0,40,-3936,1
308,4,0,0,0,0,0,0,40,-3285,0
308,5,0,0,0,0,0,0,39,7228,0
309,1,79,4,0,0,0,0,50,0,1
309,2,61,2,0,0,0,0,50,-196,0
309,3,0,0,0,0,0,0,50,-879,1
309,4,0,0,0,0,0,0,50,-1485,0
309,5,0,0,0,0,0,0,49,-1430,0
310,1,0,0,0,0,0,0,50,0,1
310,2,0,0,0,0,0,0,50,-104,0
310,3,0,0,0,0,0,0,50,-55,1
310,4,0,0,0,0,0,0,49,-6,0
310,5,0,0,0,0,0,0,49,15,0
311,1,0,0,0,0,0,0,50,0,1
311,2,0,0,0,0,0,0,50,-191,0
311,3,0,0,0,0,0,0,50,-88,1
311,4,0,0,0,0,0,0,50,-39,0
311,5,0,0,0,0,0,0,50,-21,0
312,1,0,0,0,0,0,0,45,0,1
312,2,0,0,0,0,0,0,45,-772,0
312,3,0,0,0,0,0,0,45,-505,1
312,4,0,0,0,0,0,0,45,-278,0
312,5,0,0,0,0,0,0,45,-250,0
313,1,19,7,1,0,0,1,55,0,1
313,2,0,0,0,0,0,0,55,759,0
313,3,24,1,0,0,0,0,55,-4559,1
313,4,62,1,0,0,0,0,54,-3254,0
313,5,65,2,0,0,0,0,54,-2389,0
314,1,0,0,0,0,0,0,50,0,1
314,2,0,0,0,0,0,0,50,-206,0
314,3,0,0,0,0,0,0,49,-351,1
314,4,0,0,0,0,0,0,49,-326,0
314,5,0,0,0,0,0,0,49,-155,0
315,1,65,2,0,0,0,0,55,0,1
315,2,82,4,0,1,0,0,55,-2198,0
315,3,78,2,0,0,0,0,55,-849,1
315,4,61,1,0,0,0,0,55,-464,0
315,5,66,-1,0,0,0,0,54,-2031,0
316,1,65,9,1,0,0,3,55,0,1
316,2,45,1,0,0,0,0,55,59997,0
316,3,65,2,0,0,0,0,55,-30504,1
316,4,62,12,1,1,0,3,55,1738,0
316,5,80,2,0,0,0,0,55,133193,0
317,1,0,0,0,0,0,0,50,0,1
317,2,0,0,0,0,0,0,50,-8695,0
317,3,0,0,0,0,0,0,50,-4365,1
317,4,0,0,0,0,0,0,50,-2172,0
317,5,0,0,0,0,0,0,50,-1398,0
318,1,0,0,0,0,0,0,55,0,1
318,2,0,0,0,0,0,0,55,-3822,0
318,3,0,0,0,0,0,0,54,-3409,1
318,4,28,1,0,0,0,0,54,-1303,0
318,5,24,1,0,0,0,0,54,-322,0
319,1,0,0,0,0,0,0,50,0,1
319,2,0,0,0,0,0,0,50,-409,0
319,3,0,0,0,0,0,0,50,-191,1
319,4,0,0,0,0,0,0,50,-87,0
319,5,0,0,0,0,0,0,50,-60,0
320,1,24,1,0,0,0,0,50,0,1
320,2,45,5,1,0,0,0,50,-1625,0
320,3,0,0,0,0,0,0,50,45434,1
320,4,0,0,0,0,0,0,50,17117,0
320,5,9,1,0,0,0,0,50,597,0
321,1,10,1,0,0,0,0,45,0,1
321,2,0,0,0,0,0,0,45,17271,0
321,3,0,0,0,0,0,0,45,73544,1
321,4,0,0,0,0,0,0,45,24582,0
321,5,0,0,0,0,0,0,45,12737,0
322,1,0,0,0,0,0,0,50,0,1
322,2,0,0,0,0,0,0,50,-2247,0
322,3,0,0,0,0,0,0,50,-3877,1
322,4,0,0,0,0,0,0,50,-1678,0
322,5,0,0,0,0,0,0,50,-988,0
323,1,24,1,0,0,0,0,45,0,1
323,2,7,1,0,0,0,0,45,-5950,0
323,3,11,1,0,0,0,0,45,-4340,1
323,4,0,0,0,0,0,0,45,-7171,0
323,5,0,0,0,0,0,0,45,-11642,0
324,1,0,0,0,0,0,0,50,0,1
324,2,0,0,0,0,0,0,50,-639,0
324,3,0,0,0,0,0,0,49,-648,1
324,4,0,0,0,0,0,0,49,-456,0
324,5,0,0,0,0,0,0,49,-262,0
554,1,0,0,0,0,0,0,45,0,1
554,2,0,0,0,0,0,0,45,-583,0
554,3,0,0,0,0,0,0,45,-698,1
554,4,0,0,0,0,0,0,45,-302,0
554,5,0,0,0,0,0,0,45,-237,0
562,1,79,2,0,0,0,0,55,0,1
562,2,72,2,0,0,0,0,55,-3302,0
562,3,65,2,0,0,0,0,55,-4936,1
562,4,27,1,0,0,0,0,54,-3657,0
562,5,16,1,0,0,0,0,54,-4147,0
564,1,90,2,0,0,0,0,45,0,1
564,2,90,2,0,0,0,0,45,-2247,0
564,3,90,2,0,0,0,0,45,-2758,1
564,4,90,1,0,0,0,0,45,330,0
564,5,0,0,0,0,0,0,45,-1335,0
571,1,0,0,0,0,0,0,50,0,1
571,2,0,0,0,0,0,0,50,-1993,0
571,3,0,0,0,0,0,0,49,-2128,1
571,4,13,1,0,0,0,0,49,-906,0
571,5,17,1,0,0,0,0,49,-759,0
591,1,70,5,0,1,0,0,55,0,1
591,2,90,5,0,1,0,0,55,13215,0
591,3,90,1,0,0,0,0,55,25086,1
591,4,90,2,0,0,0,0,55,12977,0
591,5,73,2,0,0,0,0,55,-6004,0
592,1,10,1,0,0,0,0,40,0,1
592,2,17,1,0,0,0,0,40,-3097,0
592,3,12,1,0,0,0,0,40,-2760,1
592,4,2,1,0,0,0,0,40,-2585,0
592,5,90,2,0,0,0,0,40,-2909,0
602,1,0,0,0,0,0,0,45,0,1
602,2,0,0,0,0,0,0,45,942,0
602,3,0,0,0,0,0,0,45,382,1
602,4,0,0,0,0,0,0,45,-968,0
602,5,0,0,0,0,0,0,45,-489,0
619,2,28,1,0,0,0,0,50,84,0
619,3,77,4,0,0,0,0,50,979,1
619,4,90,4,0,0,0,0,50,1408,0
619,5,80,2,0,0,0,0,50,3407,0
640,3,24,1,0,0,0,0,55,1528,1
640,4,27,5,1,0,0,0,55,1835,0
640,5,9,0,0,0,0,0,55,2777,0
260,1,65,3,0,0,1,0,65,0,0
260,2,45,1,0,0,0,0,65,-42839,1
260,3,17,0,0,0,0,0,64,-148278,0
260,4,18,1,0,0,0,0,63,-121524,1
260,5,0,0,0,0,0,0,62,-75090,1
326,1,0,0,0,0,0,0,45,0,0
326,2,0,0,0,0,0,0,45,-5031,1
326,3,0,0,0,0,0,0,45,-9253,0
326,4,0,0,0,0,0,0,45,-6925,1
326,5,0,0,0,0,0,0,45,-3459,1
327,1,90,10,0,0,1,2,50,0,0
327,2,45,1,0,0,0,0,50,37035,1
327,3,29,1,0,0,0,0,50,-2619,0
327,4,0,0,0,0,0,0,50,-10468,1
327,5,0,0,0,0,0,0,50,-9261,1
329,1,90,6,0,0,1,0,45,0,0
329,2,33,1,0,0,0,0,45,9026,1
329,3,0,0,0,0,0,0,45,-122557,0
329,4,0,0,0,0,0,0,44,-112676,1
329,5,0,0,0,0,0,0,44,-34904,1
330,1,90,6,0,0,1,0,45,0,0
330,2,67,2,0,0,0,0,45,2801,1
330,3,60,14,1,0,1,3,45,-432,0
330,4,82,15,1,0,1,3,45,98023,1
330,5,66,5,0,0,1,0,46,366973,1
331,1,0,0,0,0,0,0,45,0,0
331,2,0,0,0,0,0,0,45,-926,1
331,3,90,2,0,0,0,0,45,253,0
331,4,72,6,0,0,1,0,45,621,1
331,5,90,6,0,0,1,0,45,1220,1
332,1,90,10,0,0,1,2,45,0,0
332,2,90,2,0,0,0,0,45,34143,1
332,3,90,4,0,0,0,0,45,14204,0
332,4,90,2,0,0,0,0,45,5626,1
332,5,90,8,0,0,1,2,45,-1614,1
333,1,0,0,0,0,0,0,45,0,0
333,2,0,0,0,0,0,0,45,-170,1
333,3,0,0,0,0,0,0,45,-63,0
333,4,0,0,0,0,0,0,45,-39,1
333,5,0,0,0,0,0,0,45,-22,1
334,1,90,6,0,0,1,0,50,0,0
334,2,90,4,0,0,0,0,50,9697,1
334,3,90,4,0,0,0,0,50,-2089,0
334,4,90,7,0,1,0,0,50,66646,1
334,5,90,6,0,0,1,0,50,48147,1
335,1,90,13,1,0,1,3,60,0,0
335,2,90,4,0,0,0,0,60,67665,1
335,3,90,2,0,0,0,0,60,12619,0
335,4,87,3,0,0,1,0,60,-19365,1
335,5,90,5,0,0,1,0,60,-8309,1
336,1,24,1,0,0,0,0,60,0,0
336,2,68,2,0,0,0,0,60,-7813,1
336,3,61,3,0,0,1,0,59,-8372,0
336,4,71,9,1,0,1,1,59,-4605,1
336,5,75,3,0,0,1,0,58,14111,1
337,1,81,3,0,0,1,0,55,0,0
337,2,45,1,0,0,0,0,55,-5840,1
337,3,28,1,0,0,0,0,55,-14068,0
337,4,18,1,0,0,0,0,54,-10317,1
337,5,22,1,0,0,0,0,54,-7941,1
338,1,90,5,0,0,1,0,55,0,0
338,2,90,2,0,0,0,0,55,-4850,1
338,3,90,2,0,0,0,0,55,-15707,0
338,4,90,7,0,1,0,0,54,-14489,1
338,5,90,5,0,0,1,0,54,-4200,1
339,1,8,1,0,0,0,0,50,0,0
339,2,0,0,0,0,0,0,50,-1056,1
339,3,0,0,0,0,0,0,50,-1965,0
339,4,2,1,0,0,0,0,49,-1113,1
339,5,0,0,0,0,0,0,49,-977,1
341,1,0,0,0,0,0,0,50,0,0
341,2,0,0,0,0,0,0,50,-678,1
341,3,0,0,0,0,0,0,50,-222,0
341,4,0,0,0,0,0,0,50,-435,1
341,5,0,0,0,0,0,0,50,-179,1
342,1,0,0,0,0,0,0,50,0,0
342,2,0,0,0,0,0,0,50,-36,1
342,3,0,0,0,0,0,0,50,-17,0
342,4,0,0,0,0,0,0,50,-11,1
342,5,0,0,0,0,0,0,50,-10,1
343,1,0,0,0,0,0,0,50,0,0
343,2,22,1,0,0,0,0,50,-873,1
343,3,0,0,0,0,0,0,50,-692,0
343,4,7,1,0,0,0,0,50,-1207,1
343,5,23,1,0,0,0,0,49,-709,1
344,1,0,0,0,0,0,0,50,0,0
344,2,0,0,0,0,0,0,50,-120,1
344,3,0,0,0,0,0,0,50,-38,0
344,4,0,0,0,0,0,0,50,-45,1
344,5,0,0,0,0,0,0,50,-13,1
345,1,0,0,0,0,0,0,50,0,0
345,2,45,1,0,0,0,0,50,-3334,1
345,3,72,5,0,1,0,0,49,-1035,0
345,4,71,6,0,1,1,0,49,2579,1
345,5,67,2,0,0,1,0,49,7073,1
346,1,90,1,0,0,1,0,60,0,0
346,2,90,8,1,0,0,2,60,-104622,1
346,3,72,1,0,0,0,0,60,-144642,0
346,4,77,10,1,1,1,2,60,-377508,1
346,5,90,2,0,0,1,0,60,390459,1
347,1,0,0,0,0,0,0,55,0,0
347,2,21,4,0,1,0,0,55,-7627,1
347,3,17,1,0,0,0,0,55,-3112,0
347,4,12,1,0,0,0,0,54,-1054,1
347,5,14,1,0,0,0,0,54,-1434,1
348,1,0,0,0,0,0,0,50,0,0
348,2,0,0,0,0,0,0,50,-5351,1
348,3,0,0,0,0,0,0,50,-2945,0
348,4,0,0,0,0,0,0,50,-1516,1
348,5,0,0,0,0,0,0,50,-983,1
349,1,0,0,0,0,0,0,45,0,0
349,2,0,0,0,0,0,0,45,-726,1
349,3,0,0,0,0,0,0,45,-135,0
349,4,0,0,0,0,0,0,45,-257,1
349,5,0,0,0,0,0,0,45,-70,1
385,1,90,9,0,0,1,2,50,0,0
385,2,90,3,0,0,0,0,50,48690,1
385,3,90,3,0,0,0,0,50,32677,0
385,4,90,3,0,0,0,0,50,15245,1
385,5,90,10,0,0,1,3,50,1014,1
598,1,0,0,0,0,0,0,45,0,0
598,2,56,1,0,0,0,0,45,75,1
598,3,90,4,0,0,0,0,45,201,0
598,4,90,2,0,0,0,0,45,1498,1
598,5,90,6,0,0,1,0,45,782,1
603,1,0,0,0,0,0,0,40,0,0
603,2,0,0,0,0,0,0,40,1169,1
603,3,0,0,0,0,0,0,40,1400,0
603,4,0,0,0,0,0,0,40,388,1
603,5,0,0,0,0,0,0,40,249,1
604,1,0,0,0,0,0,0,45,0,0
604,2,0,0,0,0,0,0,45,2319,1
604,3,0,0,0,0,0,0,45,3728,0
604,4,0,0,0,0,0,0,45,1252,1
604,5,0,0,0,0,0,0,45,-571,1
625,2,0,0,0,0,0,0,40,0,1
625,3,0,0,0,0,0,0,40,8041,0
625,4,0,0,0,0,0,0,40,3754,1
625,5,0,0,0,0,0,0,40,2006,1
629,3,0,0,0,0,0,0,40,11967,0
629,4,0,0,0,0,0,0,40,18112,1
629,5,0,0,0,0,0,0,40,13986,1
641,3,0,0,0,0,0,0,45,149,0
641,4,18,1,0,0,0,0,45,217,1
641,5,0,0,0,0,0,0,45,220,1
648,3,0,0,0,0,0,0,50,819,0
648,4,0,0,0,0,0,0,50,392,1
648,5,1,1,0,0,0,0,50,-47,1
350,1,90,2,0,0,0,0,55,0,0
350,2,90,0,0,0,0,0,55,4084,1
350,3,90,8,0,0,1,1,55,-15469,0
350,4,90,9,0,0,1,2,55,15592,1
350,5,90,8,0,0,1,2,55,-4413,0
351,1,0,0,0,0,0,0,50,0,0
351,2,0,0,0,0,0,0,50,-1380,1
351,3,0,0,0,0,0,0,49,-1838,0
351,4,0,0,0,0,0,0,49,-1342,1
351,5,0,0,0,0,0,0,49,-846,0
352,1,0,0,0,0,0,0,40,0,0
352,2,0,0,0,0,0,0,40,-2260,1
352,3,0,0,0,0,0,0,40,280,0
352,4,0,0,0,0,0,0,40,-3423,1
352,5,0,0,0,0,0,0,40,-1961,0
353,1,0,0,0,0,0,0,40,0,0
353,2,0,0,0,0,0,0,40,-448,1
353,3,0,0,0,0,0,0,40,-284,0
353,4,0,0,0,0,0,0,40,-186,1
353,5,0,0,0,0,0,0,40,-109,0
354,1,0,0,0,0,0,0,40,0,0
354,2,0,0,0,0,0,0,40,-16,1
354,3,0,0,0,0,0,0,40,213,0
354,4,0,0,0,0,0,0,40,157,1
354,5,0,0,0,0,0,0,40,107,0
355,1,0,0,0,0,0,0,40,0,0
355,2,0,0,0,0,0,0,40,-69,1
355,3,0,0,0,0,0,0,40,578,0
355,4,0,0,0,0,0,0,40,67,1
355,5,0,0,0,0,0,0,40,96,0
356,1,90,2,0,0,0,0,65,0,0
356,2,90,1,0,0,0,0,65,-4506,1
356,3,90,6,0,0,1,0,65,-205785,0
356,4,90,8,0,0,1,0,65,-48305,1
356,5,90,8,0,0,1,0,65,-57021,0
357,1,90,0,0,0,0,0,55,0,0
357,2,70,1,0,0,0,0,55,-9049,1
357,3,0,0,0,0,0,0,55,-45306,0
357,4,18,1,0,0,0,0,54,-81882,1
357,5,0,0,0,0,0,0,53,-39805,0
358,1,90,0,0,0,0,0,55,0,0
358,2,70,1,0,0,0,0,55,-18742,1
358,3,90,5,0,0,1,0,55,-51052,0
358,4,45,1,0,0,0,0,54,-22124,1
358,5,90,6,0,0,1,0,54,-40437,0
359,1,0,0,0,0,0,0,50,0,0
359,2,0,0,0,0,0,0,50,-330,1
359,3,0,0,0,0,0,0,50,-255,0
359,4,0,0,0,0,0,0,50,-137,1
359,5,0,0,0,0,0,0,49,78,0
360,1,0,0,0,0,0,0,50,0,0
360,2,0,0,0,0,0,0,50,-140,1
360,3,0,0,0,0,0,0,50,-104,0
360,4,0,0,0,0,0,0,50,-94,1
360,5,0,0,0,0,0,0,50,-57,0
361,1,0,0,0,0,0,0,40,0,0
361,2,0,0,0,0,0,0,40,-529,1
361,3,0,0,0,0,0,0,40,-8,0
361,4,0,0,0,0,0,0,40,-645,1
361,5,0,0,0,0,0,0,40,-466,0
362,1,69,1,0,0,0,0,50,0,0
362,2,76,3,0,0,0,0,50,4556,1
362,3,90,5,0,0,1,0,50,16306,0
362,4,90,9,0,0,1,3,50,16244,1
362,5,90,6,0,0,1,0,50,50743,0
363,1,0,0,0,0,0,0,40,0,0
363,2,0,0,0,0,0,0,40,-337,1
363,3,0,0,0,0,0,0,40,-285,0
363,4,0,0,0,0,0,0,40,-297,1
363,5,0,0,0,0,0,0,40,-211,0
364,1,0,0,0,0,0,0,50,0,0
364,2,19,1,0,0,0,0,50,-643,1
364,3,0,0,0,0,0,0,50,-600,0
364,4,45,1,0,0,0,0,49,-934,1
364,5,0,0,0,0,0,0,49,-362,0
365,1,0,0,0,0,0,0,40,0,0
365,2,0,0,0,0,0,0,40,-3114,1
365,3,0,0,0,0,0,0,40,-5215,0
365,4,0,0,0,0,0,0,40,-2067,1
365,5,0,0,0,0,0,0,40,-1195,0
366,1,62,2,0,0,0,0,75,0,0
366,2,90,4,0,1,0,0,75,-98339,1
366,3,90,3,0,0,1,0,75,-121349,0
366,4,90,3,0,0,1,0,74,-199592,1
366,5,70,6,0,1,1,0,73,-173849,0
367,1,90,12,1,0,0,3,70,0,0
367,2,70,5,0,1,0,0,70,177953,1
367,3,90,11,0,2,1,2,71,103812,0
367,4,30,1,0,0,0,0,72,357507,1
367,5,90,3,0,0,1,0,72,19543,0
368,1,90,8,1,0,0,1,70,0,0
368,2,90,4,0,0,0,0,70,177598,1
368,3,90,3,0,0,1,0,70,-105407,0
368,4,90,3,0,0,1,0,70,-242164,1
368,5,80,2,0,0,1,0,70,-405826,0
369,1,62,2,0,0,0,0,60,0,0
369,2,19,1,0,0,0,0,60,-9330,1
369,3,0,0,0,0,0,0,59,-31936,0
369,4,18,1,0,0,0,0,58,-20391,1
369,5,0,0,0,0,0,0,58,-9591,0
370,1,0,0,0,0,0,0,55,0,0
370,2,0,0,0,0,0,0,55,-2965,1
370,3,0,0,0,0,0,0,54,-4196,0
370,4,0,0,0,0,0,0,54,-1366,1
370,5,0,0,0,0,0,0,54,-641,0
371,1,77,5,0,1,0,0,60,0,0
371,2,19,1,0,0,0,0,60,-178,1
371,3,26,1,0,0,0,0,60,-34196,0
371,4,59,1,0,0,0,0,59,-33117,1
371,5,9,1,0,0,0,0,59,-19324,0
372,1,27,1,0,0,0,0,55,0,0
372,2,76,2,0,0,0,0,55,-14941,1
372,3,83,2,0,0,1,0,55,-17436,0
372,4,30,1,0,0,0,0,54,-7817,1
372,5,90,5,0,0,1,0,54,-7900,0
373,1,0,0,0,0,0,0,55,0,0
373,2,0,0,0,0,0,0,55,-1095,1
373,3,0,0,0,0,0,0,55,-929,0
373,4,0,0,0,0,0,0,55,-372,1
373,5,0,0,0,0,0,0,55,-157,0
374,1,0,0,0,0,0,0,50,0,0
374,2,0,0,0,0,0,0,50,-500,1
374,3,0,0,0,0,0,0,50,-648,0
374,4,0,0,0,0,0,0,49,-568,1
374,5,0,0,0,0,0,0,49,-487,0
375,1,0,0,0,0,0,0,50,0,0
375,2,13,1,0,0,0,0,50,-534,1
375,3,6,1,0,0,0,0,50,-319,0
375,4,0,0,0,0,0,0,49,-285,1
375,5,19,1,0,0,0,0,49,-350,0
376,1,0,0,0,0,0,0,50,0,0
376,2,0,0,0,0,0,0,50,-21,1
376,3,0,0,0,0,0,0,50,-32,0
376,4,0,0,0,0,0,0,50,-23,1
376,5,0,0,0,0,0,0,50,-9,0
377,1,27,4,0,1,0,0,65,0,0
377,2,90,6,1,0,0,0,65,573,1
377,3,63,3,0,0,1,0,65,60010,0
377,4,59,1,0,0,0,0,65,-9953,1
377,5,18,1,0,0,0,0,65,-24989,0
378,1,0,0,0,0,0,0,45,0,0
378,2,0,0,0,0,0,0,45,-2017,1
378,3,0,0,0,0,0,0,45,-1919,0
378,4,0,0,0,0,0,0,45,-1744,1
378,5,0,0,0,0,0,0,44,98,0
379,1,90,2,0,0,0,0,90,0,0
379,2,90,8,1,0,0,2,90,-28097,1
379,3,63,13,2,0,1,3,90,-25262,0
379,4,90,2,0,0,1,0,91,623585,1
379,5,80,8,1,0,1,3,91,-103033,0
380,1,0,0,0,0,0,0,75,0,0
380,2,0,0,0,0,0,0,75,-3098,1
380,3,0,0,0,0,0,0,75,-2736,0
380,4,0,0,0,0,0,0,74,-1567,1
380,5,0,0,0,0,0,0,74,-790,0
381,1,12,1,0,0,0,0,50,0,0
381,2,0,0,0,0,0,0,50,-54,1
381,3,1,1,0,0,0,0,50,-217,0
381,4,0,0,0,0,0,0,50,-163,1
381,5,9,1,0,0,0,0,50,-88,0
382,1,0,0,0,0,0,0,45,0,0
382,2,0,0,0,0,0,0,45,-253,1
382,3,0,0,0,0,0,0,45,1969,0
382,4,0,0,0,0,0,0,45,4586,1
382,5,0,0,0,0,0,0,45,6226,0
383,1,0,0,0,0,0,0,55,0,0
383,2,0,0,0,0,0,0,55,-836,1
383,3,0,0,0,0,0,0,54,-1929,0
383,4,0,0,0,0,0,0,54,-1672,1
383,5,0,0,0,0,0,0,54,-576,0
579,1,20,1,0,0,0,0,55,0,0
579,2,13,0,0,0,0,0,55,-9867,1
579,3,90,8,0,0,1,0,54,-69165,0
579,4,71,6,0,0,1,0,54,41974,1
579,5,90,7,0,0,1,1,54,19285,0
627,3,26,1,0,0,0,0,80,116172,0
627,4,71,3,0,0,1,0,80,70941,1
627,5,71,3,0,0,1,0,80,-20897,0
155,1,25,1,0,0,0,0,70,0,0
155,2,0,0,0,0,0,0,70,-74211,1
155,3,75,3,0,0,1,0,69,-101968,1
155,4,81,2,0,0,1,0,69,-12688,0
155,5,90,7,1,0,0,0,69,23625,1
237,1,90,9,0,1,1,1,60,0,1
237,2,90,4,0,0,0,0,60,62668,0
237,3,86,3,0,0,1,0,60,-391471,1
237,4,45,1,0,0,0,0,59,-300679,0
237,5,74,5,0,1,0,0,59,-147652,1
384,1,90,3,0,0,0,0,55,0,1
384,2,90,0,0,0,0,0,55,-10944,0
384,3,90,7,0,0,1,0,55,-48925,1
384,4,90,7,0,0,1,0,55,-46242,0
384,5,90,2,0,0,0,0,55,16386,1
386,1,0,0,0,0,0,0,45,0,1
386,2,0,0,0,0,0,0,45,-101,0
386,3,0,0,0,0,0,0,45,-201,1
386,4,0,0,0,0,0,0,45,-113,0
386,5,0,0,0,0,0,0,45,-106,1
387,1,62,2,0,0,0,0,65,0,1
387,2,88,2,0,0,0,0,65,-38546,0
387,3,0,0,0,0,0,0,65,-193787,1
387,4,8,1,0,0,0,0,64,-538591,0
387,5,5,1,0,0,0,0,64,-178243,1
388,1,90,10,1,0,0,2,60,0,1
388,2,90,2,0,0,0,0,60,140987,0
388,3,90,8,0,0,1,2,60,-59173,1
388,4,90,6,0,0,1,0,60,-25207,0
388,5,90,4,0,1,0,0,60,13337,1
389,1,33,1,0,0,0,0,60,0,1
389,2,0,0,0,0,0,0,60,-14462,0
389,3,0,0,0,0,0,0,59,-37940,1
389,4,90,9,0,0,1,1,59,-8606,0
389,5,90,1,0,0,0,0,59,3022,1
390,1,90,2,0,0,0,0,55,0,1
390,2,90,2,0,0,0,0,55,-2699,0
390,3,90,6,0,0,1,0,55,-3537,1
390,4,90,6,0,0,1,0,55,-6512,0
390,5,90,1,0,0,0,0,55,10534,1
391,1,90,9,1,0,0,1,55,0,1
391,2,74,5,0,1,0,0,55,193061,0
391,3,90,8,0,0,1,2,56,427408,1
391,4,90,11,0,1,1,3,56,152896,0
391,5,90,4,0,1,0,0,57,548451,1
392,1,0,0,0,0,0,0,55,0,1
392,2,0,0,0,0,0,0,55,-14163,0
392,3,0,0,0,0,0,0,54,-23051,1
392,4,0,0,0,0,0,0,53,-9974,0
392,5,0,0,0,0,0,0,53,-4869,1
393,1,90,2,0,0,0,0,55,0,1
393,2,88,2,0,0,0,0,55,-8451,0
393,3,90,5,0,0,1,0,55,-14491,1
393,4,0,0,0,0,0,0,55,-8055,0
393,5,0,0,0,0,0,0,54,-15213,1
394,1,0,0,0,0,0,0,50,0,1
394,2,0,0,0,0,0,0,50,-357,0
394,3,0,0,0,0,0,0,50,-142,1
394,4,0,0,0,0,0,0,50,-60,0
394,5,0,0,0,0,0,0,50,-39,1
395,1,56,1,0,0,0,0,45,0,1
395,2,0,0,0,0,0,0,45,1097,0
395,3,0,0,0,0,0,0,45,-3581,1
395,4,0,0,0,0,0,0,44,-3042,0
395,5,0,0,0,0,0,0,44,-1584,1
396,1,0,0,0,0,0,0,45,0,1
396,2,1,1,0,0,0,0,45,-138,0
396,3,0,0,0,0,0,0,45,-130,1
396,4,0,0,0,0,0,0,45,-193,0
396,5,0,0,0,0,0,0,45,-82,1
397,1,90,2,0,0,0,0,85,0,1
397,2,90,5,0,1,0,0,85,-124110,0
397,3,90,6,0,1,1,0,85,-362493,1
397,4,90,3,0,0,1,0,84,-325768,0
397,5,90,17,2,1,0,2,84,-139426,1
398,1,81,1,0,0,0,0,70,0,1
398,2,90,9,0,2,0,1,70,-26374,0
398,3,24,1,0,0,0,0,70,187857,1
398,4,22,-2,0,0,0,0,70,-191380,0
398,5,0,0,0,0,0,0,69,-204579,1
399,1,27,8,0,2,0,1,75,0,1
399,2,81,14,2,0,0,3,75,161916,0
399,3,65,3,0,0,1,0,77,1783948,1
399,4,45,1,0,0,0,0,78,-139414,0
399,5,84,8,1,0,0,1,78,-126234,1
400,1,0,0,0,0,0,0,75,0,1
400,2,0,0,0,0,0,0,75,-69521,0
400,3,0,0,0,0,0,0,74,-33918,1
400,4,0,0,0,0,0,0,74,-14480,0
400,5,15,1,0,0,0,0,74,-6700,1
402,1,0,0,0,0,0,0,65,0,1
402,2,0,0,0,0,0,0,65,-796,0
402,3,0,0,0,0,0,0,65,-269,1
402,4,0,0,0,0,0,0,65,-87,0
402,5,0,0,0,0,0,0,65,-52,1
404,1,0,0,0,0,0,0,60,0,1
404,2,0,0,0,0,0,0,60,-5624,0
404,3,0,0,0,0,0,0,60,-1696,1
404,4,0,0,0,0,0,0,60,-541,0
404,5,0,0,0,0,0,0,60,-224,1
406,1,27,1,0,0,0,0,55,0,1
406,2,15,1,0,0,0,0,55,-460,0
406,3,0,0,0,0,0,0,55,-1500,1
406,4,0,0,0,0,0,0,54,-996,0
406,5,0,0,0,0,0,0,54,-731,1
407,1,0,0,0,0,0,0,50,0,1
407,2,0,0,0,0,0,0,50,-204,0
407,3,0,0,0,0,0,0,49,-349,1
407,4,0,0,0,0,0,0,49,-350,0
407,5,0,0,0,0,0,0,49,-136,1
408,1,0,0,0,0,0,0,50,0,1
408,2,0,0,0,0,0,0,50,-305,0
408,3,0,0,0,0,0,0,50,-156,1
408,4,0,0,0,0,0,0,50,-59,0
408,5,0,0,0,0,0,0,50,-39,1
409,1,0,0,0,0,0,0,45,0,1
409,2,0,0,0,0,0,0,45,-1559,0
409,3,0,0,0,0,0,0,45,-3281,1
409,4,0,0,0,0,0,0,45,-3408,0
409,5,0,0,0,0,0,0,45,-1698,1
410,1,0,0,0,0,0,0,50,0,1
410,2,0,0,0,0,0,0,50,-207,0
410,3,0,0,0,0,0,0,49,-309,1
410,4,0,0,0,0,0,0,49,-363,0
410,5,0,0,0,0,0,0,49,-122,1
411,1,90,2,0,0,0,0,155,0,1
411,2,90,13,2,0,0,3,155,-34247,0
411,3,90,9,1,0,1,3,155,360063,1
411,4,90,9,1,0,1,3,155,45312,0
411,5,90,6,1,0,0,0,156,172491,1
481,1,62,2,0,0,0,0,65,0,1
481,2,81,3,0,0,0,0,64,-143069,0
481,3,90,3,0,0,1,0,64,-91799,1
481,4,90,5,0,0,1,0,63,-76716,0
481,5,90,2,0,0,0,0,63,-8817,1
587,1,0,0,0,0,0,0,50,0,1
587,2,0,0,0,0,0,0,50,-130,0
587,3,0,0,0,0,0,0,50,-193,1
587,4,0,0,0,0,0,0,50,-127,0
587,5,0,0,0,0,0,0,50,-29,1
616,2,8,1,0,0,0,0,55,2706,0
616,3,14,1,0,0,0,0,55,6041,1
616,4,0,0,0,0,0,0,55,937,0
616,5,0,0,0,0,0,0,55,-924,1
621,2,8,1,0,0,0,0,45,0,0
621,3,3,1,0,0,0,0,45,4752,1
621,4,0,0,0,0,0,0,45,1361,0
621,5,0,0,0,0,0,0,45,-967,1
622,2,1,1,0,0,0,0,40,0,0
622,3,0,0,0,0,0,0,40,7079,1
622,4,0,0,0,0,0,0,40,1899,0
622,5,0,0,0,0,0,0,40,-322,1
628,3,0,0,0,0,0,0,60,213,1
628,4,0,0,0,0,0,0,60,117,0
628,5,0,0,0,0,0,0,60,112,1
653,3,0,0,0,0,0,0,45,0,1
653,4,0,0,0,0,0,0,45,2090,0
653,5,0,0,0,0,0,0,45,-124,1
43,1,66,2,0,0,0,0,60,0,0
43,2,90,4,0,0,0,0,60,-23073,1
43,3,90,2,0,0,0,0,59,-38742,0
43,4,66,2,0,0,0,0,59,-30355,1
43,5,90,4,0,0,0,0,58,-17007,0
131,1,0,0,0,0,0,0,50,0,1
131,2,0,0,0,0,0,0,50,-2097,1
131,3,0,0,0,0,0,0,50,-3278,0
131,4,0,0,0,0,0,0,50,-1747,1
131,5,0,0,0,0,0,0,49,-1080,0
162,1,66,2,0,0,0,0,50,0,0
162,2,10,1,0,0,0,0,50,-7693,1
162,3,6,1,0,0,0,0,49,-16957,0
162,4,0,0,0,0,0,0,49,-13179,1
162,5,0,0,0,0,0,0,48,-9593,0
325,1,0,0,0,0,0,0,45,0,0
325,2,0,0,0,0,0,0,45,-15,1
325,3,0,0,0,0,0,0,45,-122,0
325,4,0,0,0,0,0,0,45,-89,1
325,5,0,0,0,0,0,0,45,-148,0
412,1,90,1,0,0,0,0,50,0,0
412,2,90,2,0,0,0,0,50,-53896,1
412,3,90,2,0,0,0,0,50,-158382,0
412,4,90,2,0,0,0,0,50,-227696,1
412,5,90,4,0,0,0,0,49,-106249,0
413,1,0,0,0,0,0,0,45,0,0
413,2,0,0,0,0,0,0,45,-588,1
413,3,0,0,0,0,0,0,45,-292,0
413,4,0,0,0,0,0,0,45,-137,1
413,5,0,0,0,0,0,0,45,-93,0
414,1,0,0,0,0,0,0,40,0,0
414,2,0,0,0,0,0,0,40,-790,1
414,3,0,0,0,0,0,0,40,-342,0
414,4,0,0,0,0,0,0,40,-119,1
414,5,0,0,0,0,0,0,40,-118,0
415,1,45,0,0,0,0,0,60,0,0
415,2,10,1,0,0,0,0,60,-23853,1
415,3,20,1,0,0,0,0,59,-33546,0
415,4,90,4,0,0,0,0,58,-16892,1
415,5,6,4,0,1,0,0,58,-6276,0
416,1,0,0,0,0,0,0,50,0,0
416,2,0,0,0,0,0,0,50,-381,1
416,3,0,0,0,0,0,0,50,-367,0
416,4,0,0,0,0,0,0,50,-177,1
416,5,0,0,0,0,0,0,50,-119,0
417,1,10,1,0,0,0,0,50,0,0
417,2,73,2,0,0,0,0,50,-25442,1
417,3,83,1,0,0,0,0,50,-29674,0
417,4,90,2,0,0,0,0,49,-32120,1
417,5,90,2,0,0,0,0,49,-16480,0
418,1,90,1,0,0,0,0,50,0,0
418,2,90,4,0,1,0,0,50,-53358,1
418,3,90,2,0,0,0,0,50,-240933,0
418,4,90,1,0,0,0,0,49,-358924,1
418,5,90,2,0,0,0,0,49,-142518,0
419,1,0,0,0,0,0,0,50,0,0
419,2,90,1,0,0,0,0,50,-12800,1
419,3,90,3,0,0,0,0,50,-9944,0
419,4,90,2,0,0,0,0,50,-6006,1
419,5,90,0,0,0,0,0,50,823,0
420,1,0,0,0,0,0,0,50,0,0
420,2,16,1,0,0,0,0,50,-9208,1
420,3,6,1,0,0,0,0,49,-9461,0
420,4,0,0,0,0,0,0,49,-6069,1
420,5,0,0,0,0,0,0,49,-4322,0
421,1,90,1,0,0,0,0,45,0,0
421,2,0,0,0,0,0,0,45,-1103,1
421,3,0,0,0,0,0,0,45,-7661,0
421,4,0,0,0,0,0,0,44,-5029,1
421,5,0,0,0,0,0,0,44,-3023,0
422,1,79,1,0,0,0,0,45,0,0
422,2,17,1,0,0,0,0,45,-238,1
422,3,1,1,0,0,0,0,45,-9779,0
422,4,0,0,0,0,0,0,44,-8954,1
422,5,0,0,0,0,0,0,44,-5332,0
423,1,90,1,0,0,0,0,45,0,0
423,2,72,2,0,0,0,0,45,-74162,1
423,3,90,4,0,1,0,0,45,-303431,0
423,4,0,0,0,0,0,0,44,-396169,1
423,5,83,2,0,0,0,0,44,-360683,0
424,1,0,0,0,0,0,0,40,0,0
424,2,0,0,0,0,0,0,40,-1093,1
424,3,0,0,0,0,0,0,40,-414,0
424,4,0,0,0,0,0,0,40,-300,1
424,5,0,0,0,0,0,0,40,-321,0
425,1,0,0,0,0,0,0,40,0,0
425,2,0,0,0,0,0,0,40,-680,1
425,3,0,0,0,0,0,0,40,-329,0
425,4,0,0,0,0,0,0,40,-152,1
425,5,0,0,0,0,0,0,40,-107,0
426,1,90,2,0,0,0,0,120,0,0
426,2,90,23,3,1,0,3,120,-180062,1
426,3,90,2,0,0,0,0,120,36750,0
426,4,90,2,0,0,0,0,120,-615807,1
426,5,90,2,0,0,0,0,120,-282231,0
427,1,90,2,0,0,0,0,80,0,0
427,2,90,11,1,1,0,2,80,-137963,1
427,3,90,8,1,0,0,1,80,-752284,0
427,4,90,2,0,0,0,0,79,-362745,1
427,5,90,2,0,0,0,0,79,-206528,0
428,1,79,2,0,0,0,0,80,0,0
428,2,79,9,0,2,0,1,80,-66103,1
428,3,69,3,0,0,1,0,80,-134183,0
428,4,90,2,0,0,0,0,79,-138505,1
428,5,90,10,1,0,0,3,79,-75494,0
429,1,45,1,0,0,0,0,70,0,0
429,2,79,2,0,0,0,0,70,-7014,1
429,3,69,3,0,0,1,0,70,-15044,0
429,4,82,2,0,0,0,0,70,-3479,1
429,5,76,2,0,0,0,0,70,-4515,0
430,1,0,0,0,0,0,0,55,0,0
430,2,0,0,0,0,0,0,55,-660,1
430,3,0,0,0,0,0,0,54,-530,0
430,4,0,0,0,0,0,0,54,54,1
430,5,10,1,0,0,0,0,54,88,0
431,1,0,0,0,0,0,0,60,0,0
431,2,0,0,0,0,0,0,59,-57883,1
431,3,0,0,0,0,0,0,58,-42560,0
431,4,0,0,0,0,0,0,58,-13432,1
431,5,0,0,0,0,0,0,57,-5804,0
432,1,23,1,0,0,0,0,55,0,0
432,2,79,4,0,0,0,0,55,-10233,1
432,3,83,9,0,1,0,2,55,6351,0
432,4,90,4,0,0,0,0,55,17969,1
432,5,79,4,0,0,0,0,55,20730,0
433,1,0,0,0,0,0,0,50,0,0
433,2,0,0,0,0,0,0,50,-64,1
433,3,0,0,0,0,0,0,50,-37,0
433,4,0,0,0,0,0,0,50,-22,1
433,5,0,0,0,0,0,0,50,-21,0
434,1,0,0,0,0,0,0,50,0,0
434,2,0,0,0,0,0,0,50,-128,1
434,3,0,0,0,0,0,0,50,-102,0
434,4,0,0,0,0,0,0,49,-67,1
434,5,0,0,0,0,0,0,49,-71,0
435,1,10,1,0,0,0,0,50,0,0
435,2,0,0,0,0,0,0,50,-263,1
435,3,0,0,0,0,0,0,50,-740,0
435,4,0,0,0,0,0,0,49,-577,1
435,5,0,0,0,0,0,0,49,-32,0
436,1,0,0,0,0,0,0,50,0,0
436,2,0,0,0,0,0,0,50,-174,1
436,3,0,0,0,0,0,0,50,-291,0
436,4,0,0,0,0,0,0,50,-257,1
436,5,0,0,0,0,0,0,50,-135,0
437,1,0,0,0,0,0,0,45,0,0
437,2,0,0,0,0,0,0,45,-1410,1
437,3,0,0,0,0,0,0,45,-934,0
437,4,0,0,0,0,0,0,45,-694,1
437,5,0,0,0,0,0,0,45,-1079,0
438,1,0,0,0,0,0,0,45,0,0
438,2,0,0,0,0,0,0,45,-2656,1
438,3,0,0,0,0,0,0,45,-2436,0
438,4,0,0,0,0,0,0,45,-1858,1
438,5,0,0,0,0,0,0,44,250,0
439,1,23,1,0,0,0,0,70,0,0
439,2,10,1,0,0,0,0,70,15428,1
439,3,20,5,1,0,0,0,70,-32919,0
439,4,23,1,0,0,0,0,70,3627,1
439,5,0,0,0,0,0,0,70,1630,0
440,1,0,0,0,0,0,0,55,0,0
440,2,0,0,0,0,0,0,55,-11086,1
440,3,0,0,0,0,0,0,54,-7291,0
440,4,7,1,0,0,0,0,54,-4849,1
440,5,13,1,0,0,0,0,54,-3447,0
441,1,0,0,0,0,0,0,45,0,0
441,2,0,0,0,0,0,0,45,-5253,1
441,3,0,0,0,0,0,0,45,3280,0
441,4,0,0,0,0,0,0,45,775,1
441,5,0,0,0,0,0,0,45,-16201,0
405,1,0,0,0,0,0,0,55,0,1
405,2,70,2,0,0,1,0,55,645,0
405,3,76,2,0,0,0,0,55,7163,1
405,4,18,1,0,0,0,0,55,215,0
405,5,0,0,0,0,0,0,55,-5729,1
442,1,0,0,0,0,0,0,50,0,1
442,2,0,0,0,0,0,0,50,-9598,0
442,3,0,0,0,0,0,0,50,-14257,1
442,4,0,0,0,0,0,0,49,-8971,0
442,5,0,0,0,0,0,0,49,-5404,1
443,1,0,0,0,0,0,0,45,0,1
443,2,0,0,0,0,0,0,45,-69,0
443,3,0,0,0,0,0,0,45,-143,1
443,4,0,0,0,0,0,0,45,-150,0
443,5,0,0,0,0,0,0,45,-33,1
444,1,0,0,0,0,0,0,45,0,1
444,2,0,0,0,0,0,0,45,-224,0
444,3,0,0,0,0,0,0,45,-279,1
444,4,0,0,0,0,0,0,45,-244,0
444,5,0,0,0,0,0,0,45,-225,1
445,1,90,3,0,0,0,0,50,0,1
445,2,90,6,0,0,1,0,50,8900,0
445,3,90,-1,0,0,0,0,50,40274,1
445,4,90,2,0,0,0,0,50,2995,0
445,5,90,4,0,0,0,0,50,4121,1
446,1,1,1,0,0,0,0,50,0,1
446,2,0,0,0,0,0,0,50,10,0
446,3,0,0,0,0,0,0,50,-2838,1
446,4,0,0,0,0,0,0,50,-2216,0
446,5,24,1,0,0,0,0,49,-1391,1
447,1,90,3,0,0,0,0,50,0,1
447,2,90,5,0,0,1,0,50,5603,0
447,3,90,1,0,0,0,0,50,8611,1
447,4,90,2,0,0,0,0,50,1208,0
447,5,90,4,0,0,0,0,50,1958,1
448,1,0,0,0,0,0,0,50,0,1
448,2,0,0,0,0,0,0,50,-69064,0
448,3,0,0,0,0,0,0,49,-46419,1
448,4,0,0,0,0,0,0,49,-20317,0
448,5,0,0,0,0,0,0,49,-11893,1
449,1,90,3,0,0,0,0,50,0,1
449,2,90,11,0,0,1,3,50,33265,0
449,3,89,4,0,1,0,0,51,496570,1
449,4,90,0,0,0,0,0,52,448146,0
449,5,90,13,1,0,0,3,52,107688,1
450,1,0,0,0,0,0,0,50,0,1
450,2,0,0,0,0,0,0,50,-1137,0
450,3,1,1,0,0,0,0,49,-745,1
450,4,32,3,0,1,0,0,49,2452,0
450,5,0,0,0,0,0,0,49,4786,1
451,1,0,0,0,0,0,0,40,0,1
451,2,0,0,0,0,0,0,40,-3276,0
451,3,0,0,0,0,0,0,40,-1826,1
451,4,0,0,0,0,0,0,40,-957,0
451,5,0,0,0,0,0,0,40,-592,1
453,1,90,2,0,0,0,0,60,0,1
453,2,90,3,0,0,1,0,60,4665,0
453,3,90,12,1,1,0,2,60,2446,1
453,4,90,2,0,0,0,0,60,152668,0
453,5,90,9,0,2,0,1,60,179416,1
454,1,75,9,1,0,0,2,60,0,1
454,2,81,8,1,0,1,0,60,83568,0
454,3,76,1,0,0,0,0,61,716203,1
454,4,0,0,0,0,0,0,62,130728,0
454,5,0,0,0,0,0,0,62,-564623,1
456,1,34,0,0,0,0,0,50,0,1
456,2,8,1,0,0,0,0,50,-3238,0
456,3,27,6,1,0,0,0,50,-4753,1
456,4,0,0,0,0,0,0,49,6540,0
456,5,0,0,0,0,0,0,49,-8206,1
457,1,14,0,0,0,0,0,60,0,1
457,2,8,1,0,0,0,0,60,-1965,0
457,3,13,1,0,0,0,0,59,-2357,1
457,4,56,0,0,0,0,0,59,-1103,0
457,5,90,1,0,0,0,0,59,349,1
458,1,0,0,0,0,0,0,55,0,1
458,2,0,0,0,0,0,0,55,-1020,0
458,3,0,0,0,0,0,0,54,-546,1
458,4,0,0,0,0,0,0,54,-249,0
458,5,0,0,0,0,0,0,54,-136,1
459,1,75,3,0,0,0,0,55,0,1
459,2,90,3,0,0,1,0,55,857,0
459,3,62,2,0,0,0,0,55,629,1
459,4,79,0,0,0,0,0,55,-528,0
459,5,90,4,0,0,0,0,55,-101,1
460,1,34,6,1,0,0,0,50,0,1
460,2,70,3,0,0,1,0,50,6831,0
460,3,62,2,0,0,0,0,50,14485,1
460,4,32,1,0,0,0,0,50,6640,0
460,5,86,10,1,0,0,3,50,-1121,1
461,1,0,0,0,0,0,0,60,0,1
461,2,1,1,0,0,0,0,60,-3945,0
461,3,0,0,0,0,0,0,59,-5573,1
461,4,33,6,1,0,0,0,58,-3031,0
461,5,16,1,0,0,0,0,58,325,1
462,1,55,1,0,0,0,0,50,0,1
462,2,19,1,0,0,0,0,50,-238,0
462,3,13,1,0,0,0,0,50,-1763,1
462,4,71,2,0,0,0,0,49,-1064,0
462,5,65,3,0,0,1,0,49,-576,1
463,1,0,0,0,0,0,0,60,0,1
463,2,19,4,0,1,0,0,60,-23591,0
463,3,0,0,0,0,0,0,59,-49449,1
463,4,0,0,0,0,0,0,59,-39340,0
463,5,0,0,0,0,0,0,59,-11535,1
464,1,90,4,0,1,0,0,60,0,1
464,2,81,8,1,0,1,2,60,134869,0
464,3,90,1,0,0,0,0,61,1029731,1
464,4,90,2,0,0,0,0,62,319416,0
464,5,90,0,0,0,0,0,62,124486,1
465,1,55,4,0,1,0,0,60,0,1
465,2,0,0,0,0,0,0,60,-6163,0
465,3,0,0,0,0,0,0,59,-37692,1
465,4,0,0,0,0,0,0,59,-12652,0
465,5,0,0,0,0,0,0,59,-6475,1
466,1,0,0,0,0,0,0,45,0,1
466,2,0,0,0,0,0,0,45,-1647,0
466,3,0,0,0,0,0,0,45,3928,1
466,4,0,0,0,0,0,0,45,-17854,0
466,5,0,0,0,0,0,0,45,-9244,1
559,1,14,1,0,0,0,0,50,0,1
559,2,0,0,0,0,0,0,50,-977,0
559,3,0,0,0,0,0,0,50,-1788,1
559,4,10,1,0,0,0,0,49,-1098,0
559,5,3,1,0,0,0,0,49,-781,1
567,1,90,1,0,0,0,0,50,0,1
567,2,90,7,0,0,1,0,50,1279,0
567,3,90,2,0,0,0,0,50,39154,1
567,4,90,1,0,0,0,0,50,29466,0
567,5,90,3,0,0,0,0,50,8198,1
593,1,90,1,0,0,0,0,45,0,1
593,2,90,11,0,1,1,2,45,8203,0
593,3,90,1,0,0,0,0,45,269442,1
593,4,57,0,0,0,0,0,45,-7549,0
593,5,0,0,0,0,0,0,45,-92524,1
609,1,0,0,0,0,0,0,40,0,1
609,2,0,0,0,0,0,0,40,3348,0
609,3,0,0,0,0,0,0,40,7555,1
609,4,0,0,0,0,0,0,40,-1044,0
609,5,0,0,0,0,0,0,40,-5521,1
634,3,27,1,0,0,0,0,60,4798,1
634,4,57,1,0,0,0,0,60,4168,0
634,5,73,2,0,0,0,0,60,1205,1
659,4,0,0,0,0,0,0,45,0,0
659,5,0,0,0,0,0,0,45,2836,1
663,5,0,0,0,0,0,0,40,0,1
664,5,0,0,0,0,0,0,45,0,1
665,5,0,0,0,0,0,0,45,0,1
666,5,0,0,0,0,0,0,45,0,1
167,1,0,0,0,0,0,0,55,0,0
167,2,24,1,0,0,0,0,55,175,0
167,3,73,2,0,0,1,0,55,24969,1
167,4,90,5,1,0,0,0,55,7672,0
167,5,90,1,0,0,0,0,55,200788,1
201,1,54,0,0,0,0,0,55,0,0
201,2,0,0,0,0,0,0,55,-109781,1
201,3,31,1,0,0,0,0,54,-158458,1
201,4,90,2,0,0,0,0,54,-83474,0
201,5,82,2,0,0,0,0,54,48095,1
467,1,90,2,0,0,0,0,50,0,1
467,2,90,1,0,0,0,0,50,-8396,0
467,3,90,6,0,0,1,0,50,-9819,1
467,4,90,3,0,0,0,0,50,2211,0
467,5,90,2,0,0,0,0,50,26195,1
468,1,0,0,0,0,0,0,45,0,1
468,2,0,0,0,0,0,0,45,-288,0
468,3,0,0,0,0,0,0,45,-392,1
468,4,0,0,0,0,0,0,45,-238,0
468,5,0,0,0,0,0,0,45,-135,1
469,1,90,2,0,0,0,0,50,0,1
469,2,90,6,0,1,0,0,50,-67984,0
469,3,90,7,0,0,1,1,50,-35180,1
469,4,90,2,0,0,0,0,50,7392,0
469,5,90,2,0,0,0,0,50,105000,1
470,1,0,0,0,0,0,0,50,0,1
470,2,0,0,0,0,0,0,50,-437,0
470,3,0,0,0,0,0,0,50,-1172,1
470,4,0,0,0,0,0,0,50,-1122,0
470,5,0,0,0,0,0,0,50,-425,1
471,1,90,2,0,0,0,0,55,0,1
471,2,90,3,0,0,0,0,55,-14450,0
471,3,90,7,0,0,1,0,55,-12221,1
471,4,0,0,0,0,0,0,55,-346,0
471,5,0,0,0,0,0,0,55,-50208,1
472,1,90,4,0,0,0,0,55,0,1
472,2,90,1,0,0,0,0,55,-3257,0
472,3,89,8,0,0,1,0,55,-10492,1
472,4,90,6,0,1,0,0,55,5868,0
472,5,90,4,0,0,0,0,55,50117,1
473,1,73,5,0,0,1,0,45,0,1
473,2,85,0,0,0,0,0,45,-5067,0
473,3,58,1,0,0,0,0,45,-30402,1
473,4,90,2,0,0,0,0,45,-43006,0
473,5,0,0,0,0,0,0,45,-3199,1
474,1,90,1,0,0,0,0,45,0,1
474,2,90,1,0,0,0,0,45,-1300,0
474,3,90,8,0,0,1,0,45,-1070,1
474,4,0,0,0,0,0,0,45,3885,0
474,5,90,1,0,0,0,0,45,-4535,1
475,1,0,0,0,0,0,0,45,0,1
475,2,0,0,0,0,0,0,45,65,0
475,3,0,0,0,0,0,0,45,-97,1
475,4,0,0,0,0,0,0,45,16,0
475,5,0,0,0,0,0,0,45,-22,1
476,1,0,0,0,0,0,0,40,0,1
476,2,0,0,0,0,0,0,40,-1513,0
476,3,0,0,0,0,0,0,40,-858,1
476,4,0,0,0,0,0,0,40,-831,0
476,5,0,0,0,0,0,0,40,-649,1
477,1,0,0,0,0,0,0,40,0,1
477,2,0,0,0,0,0,0,40,-1227,0
477,3,0,0,0,0,0,0,40,-2802,1
477,4,0,0,0,0,0,0,40,-4322,0
477,5,0,0,0,0,0,0,40,-2263,1
478,1,16,1,0,0,0,0,45,0,1
478,2,4,1,0,0,0,0,45,-176,0
478,3,0,0,0,0,0,0,45,-304,1
478,4,0,0,0,0,0,0,45,-264,0
478,5,7,1,0,0,0,0,44,-97,1
479,1,0,0,0,0,0,0,40,0,1
479,2,0,0,0,0,0,0,40,-1052,0
479,3,0,0,0,0,0,0,40,-2507,1
479,4,0,0,0,0,0,0,40,-2375,0
479,5,0,0,0,0,0,0,40,-1397,1
480,1,90,2,0,0,0,0,80,0,1
480,2,90,13,1,1,0,3,80,-274313,0
480,3,90,3,0,0,1,0,79,102526,1
480,4,90,8,0,1,0,3,79,26861,0
480,5,90,2,0,0,0,0,80,705914,1
482,1,0,0,0,0,0,0,60,0,1
482,2,1,1,0,0,0,0,60,-4758,0
482,3,0,0,0,0,0,0,59,-3315,1
482,4,0,0,0,0,0,0,59,-2586,0
482,5,0,0,0,0,0,0,58,-730,1
483,1,61,3,0,0,1,0,55,0,1
483,2,65,9,1,0,0,2,55,-3771,0
483,3,58,1,0,0,0,0,55,22451,1
483,4,74,1,0,0,0,0,55,-3202,0
483,5,58,1,0,0,0,0,55,14955,1
484,1,0,0,0,0,0,0,55,0,1
484,2,0,0,0,0,0,0,55,-2032,0
484,3,0,0,0,0,0,0,54,-4400,1
484,4,0,0,0,0,0,0,54,-2676,0
484,5,0,0,0,0,0,0,54,-1093,1
485,1,0,0,0,0,0,0,55,0,1
485,2,0,0,0,0,0,0,55,-298,0
485,3,0,0,0,0,0,0,55,-532,1
485,4,0,0,0,0,0,0,55,-145,0
485,5,0,0,0,0,0,0,55,-60,1
486,1,73,3,0,0,1,0,55,0,1
486,2,90,2,0,0,0,0,55,199,0
486,3,90,2,0,0,1,0,55,1865,1
486,4,81,3,0,0,0,0,55,546,0
486,5,82,2,0,0,0,0,55,1989,1
487,1,0,0,0,0,0,0,50,0,1
487,2,1,1,0,0,0,0,50,-848,0
487,3,0,0,0,0,0,0,50,-788,1
487,4,0,0,0,0,0,0,49,-569,0
487,5,0,0,0,0,0,0,49,-459,1
488,1,90,2,0,0,0,0,50,0,1
488,2,0,0,0,0,0,0,50,-15127,0
488,3,0,0,0,0,0,0,49,-26662,1
488,4,8,1,0,0,0,0,49,-9453,0
488,5,7,1,0,0,0,0,49,-5438,1
489,1,0,0,0,0,0,0,45,0,1
489,2,0,0,0,0,0,0,45,-35340,0
489,3,0,0,0,0,0,0,45,-864,1
489,4,0,0,0,0,0,0,45,-8348,0
489,5,0,0,0,0,0,0,45,-12157,1
490,1,28,1,0,0,0,0,60,0,1
490,2,0,0,0,0,0,0,60,-24782,0
490,3,16,1,0,0,0,0,59,-35128,1
490,4,1,1,0,0,0,0,59,-17430,0
490,5,17,1,0,0,0,0,58,-9928,1
491,1,90,2,0,0,0,0,60,0,1
491,2,90,1,0,0,0,0,60,-48313,0
491,3,31,1,0,0,0,0,59,-56312,1
491,4,15,7,1,0,0,2,59,-61409,0
491,5,31,1,0,0,0,0,58,37689,1
493,1,1,1,0,0,0,0,55,0,1
493,2,0,0,0,0,0,0,55,-418,0
493,3,0,0,0,0,0,0,54,-411,1
493,4,0,0,0,0,0,0,54,281,0
493,5,0,0,0,0,0,0,54,-342,1
558,1,16,1,0,0,0,0,50,0,1
558,2,90,4,0,0,0,0,50,-986,0
558,3,90,3,0,0,1,0,50,99,1
558,4,90,3,0,0,0,0,50,-224,0
558,5,90,2,0,0,0,0,50,1774,1
581,1,0,0,0,0,0,0,55,0,1
581,2,0,0,0,0,0,0,55,-8617,0
581,3,1,1,0,0,0,0,54,-12790,1
581,4,90,4,0,0,0,0,54,-6555,0
581,5,72,2,0,0,0,0,54,619,1
590,1,0,0,0,0,0,0,45,0,1
590,2,0,0,0,0,0,0,45,81,0
590,3,0,0,0,0,0,0,45,79,1
590,4,0,0,0,0,0,0,45,-80,0
590,5,0,0,0,0,0,0,45,-141,1
112,1,90,1,0,0,0,0,50,0,0
112,2,90,1,0,0,0,0,50,-62164,1
112,3,90,8,0,0,1,2,49,-198387,0
112,4,90,8,0,0,1,0,49,-45526,1
112,5,90,6,1,0,0,0,49,-3149,1
147,1,0,0,0,0,0,0,45,0,0
147,2,0,0,0,0,0,0,45,-1857,1
147,3,0,0,0,0,0,0,45,-2004,0
147,4,5,1,0,0,0,0,44,-999,1
147,5,0,0,0,0,0,0,44,-600,1
401,1,0,0,0,0,0,0,70,0,1
401,2,90,2,0,0,0,0,70,20447,1
401,3,83,2,0,0,1,0,70,64907,0
401,4,76,2,0,0,1,0,70,6113,1
401,5,90,2,0,0,0,0,70,-10121,1
403,1,0,0,0,0,0,0,65,0,1
403,2,0,0,0,0,0,0,65,48883,1
403,3,60,3,0,0,1,0,65,-23670,0
403,4,90,3,0,0,1,0,65,-583,1
403,5,90,2,0,0,0,0,65,-481,1
455,1,90,2,0,0,0,0,55,0,0
455,2,74,2,0,0,0,0,55,-38097,1
455,3,90,5,0,0,1,0,54,-83285,0
455,4,90,3,0,0,1,0,54,-31266,1
455,5,83,2,0,0,0,0,54,-56370,1
494,1,0,0,0,0,0,0,45,0,0
494,2,0,0,0,0,0,0,45,-11437,1
494,3,0,0,0,0,0,0,45,-5759,0
494,4,0,0,0,0,0,0,45,-2498,1
494,5,0,0,0,0,0,0,45,-1689,1
495,1,0,0,0,0,0,0,40,0,0
495,2,0,0,0,0,0,0,40,-490,1
495,3,0,0,0,0,0,0,40,3899,0
495,4,0,0,0,0,0,0,40,2998,1
495,5,0,0,0,0,0,0,40,1559,1
496,1,90,2,0,0,0,0,45,0,0
496,2,90,1,0,0,0,0,45,-41526,1
496,3,90,6,0,0,1,0,45,-225719,0
496,4,90,7,0,0,1,0,45,-84513,1
496,5,90,2,0,0,0,0,45,-1315,1
497,1,0,0,0,0,0,0,40,0,0
497,2,0,0,0,0,0,0,40,-28731,1
497,3,0,0,0,0,0,0,40,12181,0
497,4,0,0,0,0,0,0,40,19545,1
497,5,0,0,0,0,0,0,40,-25006,1
498,1,90,3,0,0,0,0,60,0,0
498,2,0,0,0,0,0,0,60,-48293,1
498,3,0,0,0,0,0,0,59,-185202,0
498,4,0,0,0,0,0,0,59,-104635,1
498,5,0,0,0,0,0,0,58,-70189,1
499,1,0,0,0,0,0,0,55,0,0
499,2,90,1,0,0,0,0,55,-296944,1
499,3,90,7,0,0,1,1,55,-179795,0
499,4,0,0,0,0,0,0,55,-80703,1
499,5,18,1,0,0,0,0,54,-237532,1
500,1,0,0,0,0,0,0,50,0,0
500,2,0,0,0,0,0,0,50,-10779,1
500,3,0,0,0,0,0,0,50,-3763,0
500,4,0,0,0,0,0,0,50,-1362,1
500,5,0,0,0,0,0,0,50,-610,1
502,1,90,3,0,0,0,0,45,0,0
502,2,67,2,0,0,0,0,45,-1127,1
502,3,29,1,0,0,0,0,45,-47646,0
502,4,90,7,0,0,1,1,44,-57673,1
502,5,90,4,0,1,0,0,44,-2558,1
503,1,0,0,0,0,0,0,50,0,0
503,2,90,0,0,0,0,0,50,-116329,1
503,3,90,9,0,0,1,3,50,-61459,0
503,4,90,6,0,0,1,0,50,10120,1
503,5,90,1,0,0,0,0,50,8883,1
505,1,0,0,0,0,0,0,45,0,0
505,2,0,0,0,0,0,0,45,-45782,1
505,3,0,0,0,0,0,0,45,-14294,0
505,4,0,0,0,0,0,0,45,-5357,1
505,5,0,0,0,0,0,0,45,-2653,1
506,1,4,1,0,0,0,0,45,0,0
506,2,22,1,0,0,0,0,45,-3007,1
506,3,60,5,0,0,1,0,45,-5660,0
506,4,0,0,0,0,0,0,45,-2914,1
506,5,0,0,0,0,0,0,44,-4010,1
507,1,0,0,0,0,0,0,45,0,0
507,2,0,0,0,0,0,0,45,-658,1
507,3,0,0,0,0,0,0,45,-312,0
507,4,0,0,0,0,0,0,45,-139,1
507,5,0,0,0,0,0,0,45,-106,1
508,1,0,0,0,0,0,0,40,0,0
508,2,0,0,0,0,0,0,40,-6106,1
508,3,0,0,0,0,0,0,40,-7462,0
508,4,0,0,0,0,0,0,40,-6385,1
508,5,0,0,0,0,0,0,40,-5694,1
509,1,0,0,0,0,0,0,40,0,0
509,2,0,0,0,0,0,0,40,-239,1
509,3,0,0,0,0,0,0,40,71,0
509,4,0,0,0,0,0,0,40,56,1
509,5,0,0,0,0,0,0,40,-17,1
510,1,0,0,0,0,0,0,40,0,0
510,2,0,0,0,0,0,0,40,-360,1
510,3,0,0,0,0,0,0,40,-25,0
510,4,0,0,0,0,0,0,40,64,1
510,5,0,0,0,0,0,0,40,-78,1
511,1,0,0,0,0,0,0,40,0,0
511,2,0,0,0,0,0,0,40,-1501,1
511,3,0,0,0,0,0,0,40,-4780,0
511,4,0,0,0,0,0,0,40,-4759,1
511,5,0,0,0,0,0,0,40,-2391,1
512,1,0,0,0,0,0,0,65,0,0
512,2,22,1,0,0,0,0,65,-2137,1
512,3,29,1,0,0,0,0,65,2526,0
512,4,27,1,0,0,0,0,65,545,1
512,5,45,4,0,1,0,0,65,-95,1
513,1,0,0,0,0,0,0,60,0,0
513,2,0,0,0,0,0,0,60,-279,1
513,3,0,0,0,0,0,0,60,-291,0
513,4,0,0,0,0,0,0,59,-108,1
513,5,0,0,0,0,0,0,59,-71,1
514,1,90,2,0,0,0,0,60,0,0
514,2,67,2,0,0,0,0,60,-6287,1
514,3,73,3,0,0,1,0,59,-17708,0
514,4,27,1,0,0,0,0,58,-6570,1
514,5,0,0,0,0,0,0,58,-5320,1
515,1,22,1,0,0,0,0,65,0,0
515,2,0,0,0,0,0,0,65,-34300,1
515,3,0,0,0,0,0,0,64,-38883,0
515,4,13,1,0,0,0,0,63,-13096,1
515,5,24,1,0,0,0,0,63,-2925,1
516,1,45,1,0,0,0,0,55,0,0
516,2,90,2,0,0,0,0,55,-1429,1
516,3,90,5,0,0,1,0,55,-1789,0
516,4,62,3,0,0,1,0,55,-172,1
516,5,83,4,0,0,0,0,55,497,1
517,1,0,0,0,0,0,0,55,0,0
517,2,0,0,0,0,0,0,55,-3,1
517,3,0,0,0,0,0,0,55,-11,0
517,4,0,0,0,0,0,0,55,18,1
517,5,0,0,0,0,0,0,55,3,1
518,1,0,0,0,0,0,0,50,0,0
518,2,0,0,0,0,0,0,49,-10351,1
518,3,0,0,0,0,0,0,49,-1782,0
518,4,0,0,0,0,0,0,49,-4648,1
518,5,0,0,0,0,0,0,49,-2148,1
519,1,45,0,0,0,0,0,55,0,0
519,2,0,0,0,0,0,0,55,-3439,1
519,3,83,3,0,0,1,0,54,-5563,0
519,4,0,0,0,0,0,0,54,-1744,1
519,5,6,6,1,0,0,0,53,-1786,1
520,1,45,1,0,0,0,0,55,0,0
520,2,0,0,0,0,0,0,55,-1564,1
520,3,0,0,0,0,0,0,54,-3012,0
520,4,27,1,0,0,0,0,54,-1664,1
520,5,6,1,0,0,0,0,54,-913,1
521,1,0,0,0,0,0,0,65,0,0
521,2,0,0,0,0,0,0,65,-166,1
521,3,0,0,0,0,0,0,65,-90,0
521,4,0,0,0,0,0,0,65,-73,1
521,5,0,0,0,0,0,0,65,-30,1
522,1,85,2,0,0,0,0,50,0,0
522,2,67,2,0,0,0,0,50,-833,1
522,3,0,0,0,0,0,0,50,-1885,0
522,4,84,3,0,0,1,0,50,-2439,1
522,5,71,2,0,0,0,0,49,-637,1
523,1,67,2,0,0,0,0,50,0,0
523,2,22,1,0,0,0,0,50,-107,1
523,3,0,0,0,0,0,0,50,-5650,0
523,4,0,0,0,0,0,0,50,-5490,1
523,5,0,0,0,0,0,0,50,-1980,1
524,1,0,0,0,0,0,0,45,0,0
524,2,0,0,0,0,0,0,45,-7298,1
524,3,0,0,0,0,0,0,45,-7853,0
524,4,0,0,0,0,0,0,44,5676,1
524,5,0,0,0,0,0,0,44,17246,1
525,1,45,1,0,0,0,0,60,0,0
525,2,90,2,0,0,0,0,60,-26800,1
525,3,7,0,0,0,0,0,59,-38063,0
525,4,62,3,0,0,1,0,58,-27969,1
525,5,45,1,0,0,0,0,58,-11274,1
526,1,22,1,0,0,0,0,60,0,0
526,2,15,1,0,0,0,0,60,-12606,1
526,3,6,1,0,0,0,0,59,-27806,0
526,4,62,2,0,0,1,0,59,-14059,1
526,5,65,2,0,0,0,0,58,-7033,1
527,1,67,2,0,0,0,0,60,0,0
527,2,0,0,0,0,0,0,60,-31748,1
527,3,0,0,0,0,0,0,59,-117513,0
527,4,0,0,0,0,0,0,59,-69368,1
527,5,0,0,0,0,0,0,59,-22415,1
528,1,0,0,0,0,0,0,45,0,0
528,2,0,0,0,0,0,0,45,-3996,1
528,3,0,0,0,0,0,0,45,-5408,0
528,4,0,0,0,0,0,0,45,-31099,1
528,5,0,0,0,0,0,0,45,-18539,1
578,1,0,0,0,0,0,0,55,0,0
578,2,0,0,0,0,0,0,55,-742,1
578,3,16,1,0,0,0,0,54,1892,0
578,4,0,0,0,0,0,0,54,-670,1
578,5,0,0,0,0,0,0,54,-2108,1
601,1,0,0,0,0,0,0,45,0,0
601,2,0,0,0,0,0,0,45,2052,1
601,3,0,0,0,0,0,0,45,2301,0
601,4,0,0,0,0,0,0,45,403,1
601,5,0,0,0,0,0,0,45,-957,1
501,1,0,0,0,0,0,0,50,0,0
501,2,0,0,0,0,0,0,50,-1412,1
501,3,90,2,0,0,0,0,50,-2005,0
501,4,90,1,0,0,0,0,50,-179,1
501,5,90,0,0,0,0,0,50,-16,0
529,1,90,1,0,0,0,0,50,0,0
529,2,90,6,0,0,1,0,50,-25568,1
529,3,90,2,0,0,0,0,50,-38987,0
529,4,90,2,0,0,0,0,50,-47961,1
529,5,90,0,0,0,0,0,49,-33760,0
530,1,0,0,0,0,0,0,40,0,0
530,2,0,0,0,0,0,0,40,-2307,1
530,3,0,0,0,0,0,0,40,-1616,0
530,4,0,0,0,0,0,0,40,-986,1
530,5,0,0,0,0,0,0,40,-743,0
531,1,0,0,0,0,0,0,45,0,0
531,2,0,0,0,0,0,0,45,-645,1
531,3,0,0,0,0,0,0,45,-546,0
531,4,0,0,0,0,0,0,45,-491,1
531,5,0,0,0,0,0,0,45,-360,0
532,1,90,0,0,0,0,0,50,0,0
532,2,90,8,0,0,1,0,50,-36906,1
532,3,90,4,0,0,0,0,50,-79167,0
532,4,90,0,0,0,0,0,49,-96106,1
532,5,90,2,0,0,0,0,49,-46490,0
533,1,0,0,0,0,0,0,55,0,0
533,2,90,9,0,0,1,1,55,-32999,1
533,3,90,4,0,0,0,0,55,-3387,0
533,4,90,0,0,0,0,0,55,-21852,1
533,5,90,0,0,0,0,0,54,-23536,0
534,1,79,2,0,0,0,0,45,0,0
534,2,90,6,0,0,1,0,45,-23752,1
534,3,26,1,0,0,0,0,45,-68992,0
534,4,0,0,0,0,0,0,44,-149674,1
534,5,11,1,0,0,0,0,44,-88631,0
535,1,23,1,0,0,0,0,50,0,0
535,2,0,0,0,0,0,0,50,-2667,1
535,3,0,0,0,0,0,0,50,-8564,0
535,4,0,0,0,0,0,0,49,-6355,1
535,5,0,0,0,0,0,0,49,-3936,0
536,1,90,1,0,0,0,0,45,0,0
536,2,90,6,0,0,1,0,45,-2603,1
536,3,90,2,0,0,0,0,45,-2351,0
536,4,90,-2,0,0,0,0,45,-4352,1
536,5,0,0,0,0,0,0,45,-9631,0
537,1,0,0,0,0,0,0,45,0,0
537,2,0,0,0,0,0,0,45,-69,1
537,3,0,0,0,0,0,0,45,-357,0
537,4,0,0,0,0,0,0,45,-100,1
537,5,0,0,0,0,0,0,45,-55,0
538,1,0,0,0,0,0,0,40,0,0
538,2,0,0,0,0,0,0,40,-990,1
538,3,0,0,0,0,0,0,40,-680,0
538,4,0,0,0,0,0,0,40,-403,1
538,5,0,0,0,0,0,0,40,-298,0
539,1,66,1,0,0,0,0,40,0,0
539,2,0,0,0,0,0,0,40,-12937,1
539,3,0,0,0,0,0,0,40,-27829,0
539,4,0,0,0,0,0,0,40,-31354,1
539,5,0,0,0,0,0,0,40,-23037,0
540,1,0,0,0,0,0,0,40,0,0
540,2,0,0,0,0,0,0,40,-4868,1
540,3,0,0,0,0,0,0,40,-3070,0
540,4,0,0,0,0,0,0,40,-1719,1
540,5,0,0,0,0,0,0,40,-1276,0
541,1,90,1,0,0,0,0,45,0,0
541,2,90,6,0,0,1,0,45,-708,1
541,3,63,2,0,0,0,0,45,301,0
541,4,75,2,0,0,0,0,45,-1785,1
541,5,78,3,0,1,0,0,45,-1159,0
542,1,79,2,0,0,0,0,60,0,0
542,2,89,3,0,0,1,0,60,-103724,1
542,3,90,8,1,0,0,1,59,-256530,0
542,4,90,0,0,0,0,0,58,-137433,1
542,5,90,5,0,1,0,0,58,-95316,0
543,1,10,1,0,0,0,0,55,0,0
543,2,18,4,0,1,0,0,55,-842,1
543,3,0,0,0,0,0,0,55,-2142,0
543,4,0,0,0,0,0,0,54,-1501,1
543,5,0,0,0,0,0,0,54,-660,0
544,1,90,9,0,1,0,2,55,0,0
544,2,90,6,0,0,1,3,55,24566,1
544,3,90,3,0,0,0,0,55,-1951,0
544,4,90,1,0,0,0,0,55,-37779,1
544,5,90,2,0,0,0,0,55,-45393,0
545,1,90,2,0,0,0,0,50,0,0
545,2,90,3,0,0,1,0,50,-2332,1
545,3,73,1,0,0,0,0,50,-3063,0
545,4,90,2,0,0,0,0,49,-3819,1
545,5,67,2,0,0,0,0,49,-2498,0
546,1,0,0,0,0,0,0,50,0,0
546,2,0,0,0,0,0,0,50,-3506,1
546,3,0,0,0,0,0,0,49,-1749,0
546,4,0,0,0,0,0,0,49,-1088,1
546,5,0,0,0,0,0,0,49,-645,0
547,1,0,0,0,0,0,0,50,0,0
547,2,1,1,0,0,0,0,50,-110,1
547,3,0,0,0,0,0,0,50,-51,0
547,4,0,0,0,0,0,0,49,-146,1
547,5,0,0,0,0,0,0,49,-120,0
548,1,10,1,0,0,0,0,50,0,0
548,2,7,1,0,0,0,0,50,-521,1
548,3,0,0,0,0,0,0,50,-719,0
548,4,0,0,0,0,0,0,49,-504,1
548,5,0,0,0,0,0,0,49,-439,0
549,1,31,1,0,0,0,0,55,0,0
549,2,0,0,0,0,0,0,55,-2560,1
549,3,0,0,0,0,0,0,54,-3700,0
549,4,0,0,0,0,0,0,54,-2338,1
549,5,0,0,0,0,0,0,53,-1389,0
550,1,0,0,0,0,0,0,50,0,0
550,2,0,0,0,0,0,0,50,-50,1
550,3,0,0,0,0,0,0,50,-21,0
550,4,0,0,0,0,0,0,50,-12,1
550,5,0,0,0,0,0,0,50,-24,0
551,1,58,5,1,0,0,0,50,0,0
551,2,64,3,0,0,1,0,50,3964,1
551,3,63,2,0,0,0,0,50,1656,0
551,4,69,2,0,0,0,0,50,-1700,1
551,5,59,4,0,1,0,0,50,-1429,0
552,1,66,2,0,0,0,0,60,0,0
552,2,63,2,0,0,1,0,60,-81358,1
552,3,90,2,0,0,0,0,59,-321733,0
552,4,90,1,0,0,0,0,58,-246486,1
552,5,90,17,3,0,0,3,58,-145137,0
553,1,23,1,0,0,0,0,55,0,0
553,2,26,8,1,0,0,3,55,-10451,1
553,3,26,4,0,1,0,0,55,21273,0
553,4,20,1,0,0,0,0,55,25312,1
553,5,22,1,0,0,0,0,55,-18986,0
612,2,0,0,0,0,0,0,45,68,1
612,3,0,0,0,0,0,0,45,262,0
612,4,0,0,0,0,0,0,45,-16,1
612,5,90,-1,0,0,0,0,45,49,0
613,2,0,0,0,0,0,0,45,2077,1
613,3,0,0,0,0,0,0,45,8884,0
613,4,0,0,0,0,0,0,45,2550,1
613,5,0,0,0,0,0,0,45,-1414,0
646,3,16,1,0,0,0,0,55,1832,0
646,4,14,1,0,0,0,0,55,636,1
646,5,30,1,0,0,0,0,55,-160,0
651,3,0,0,0,0,0,0,45,14103,0
651,4,0,0,0,0,0,0,45,22849,1
651,5,0,0,0,0,0,0,45,21901,0
